GEO.id,GEO.id2,GEO.display-label,HD01_VD01,HD02_VD01,HD01_VD02,HD02_VD02,HD01_VD03,HD02_VD03,HD01_VD04,HD02_VD04,HD01_VD05,HD02_VD05
Id,Id2,Geography,Estimate; Total living in area 1 year ago:,Margin of Error; Total living in area 1 year ago:,Estimate; Total living in area 1 year ago: - Same house,Margin of Error; Total living in area 1 year ago: - Same house,Estimate; Total living in area 1 year ago: - Moved within same county,Margin of Error; Total living in area 1 year ago: - Moved within same county,Estimate; Total living in area 1 year ago: - Moved to different county within same state,Margin of Error; Total living in area 1 year ago: - Moved to different county within same state,Estimate; Total living in area 1 year ago: - Moved to different state,Margin of Error; Total living in area 1 year ago: - Moved to different state
0500000US01003,01003,"Baldwin County, Alabama",1656,414,1465,392,166,115,25,41,0,27
0500000US01031,01031,"Coffee County, Alabama",546,82,517,83,13,14,12,14,4,6
0500000US01049,01049,"DeKalb County, Alabama",978,300,852,270,92,74,34,61,0,27
0500000US01053,01053,"Escambia County, Alabama",1299,115,1268,118,7,10,24,32,0,24
0500000US01057,01057,"Fayette County, Alabama",0,18,0,18,0,18,0,18,0,18
0500000US01065,01065,"Hale County, Alabama",0,18,0,18,0,18,0,18,0,18
0500000US01069,01069,"Houston County, Alabama",373,98,275,66,98,74,0,27,0,27
0500000US01071,01071,"Jackson County, Alabama",575,185,551,181,8,12,16,19,0,27
0500000US01073,01073,"Jefferson County, Alabama",1514,319,1178,305,269,133,55,50,12,13
0500000US01079,01079,"Lawrence County, Alabama",1694,365,1568,353,126,93,0,24,0,24
0500000US01089,01089,"Madison County, Alabama",2136,336,1974,319,135,119,7,14,20,22
0500000US01095,01095,"Marshall County, Alabama",650,327,634,322,16,15,0,27,0,27
0500000US01097,01097,"Mobile County, Alabama",2609,390,2381,398,134,90,10,17,84,71
0500000US01103,01103,"Morgan County, Alabama",690,234,543,225,88,81,59,63,0,27
0500000US01129,01129,"Washington County, Alabama",1233,128,1168,126,60,87,5,9,0,18
0500000US02013,02013,"Aleutians East Borough, Alaska",1260,200,1147,185,74,29,39,27,0,11
0500000US02016,02016,"Aleutians West Census Area, Alaska",663,41,624,40,31,19,6,9,2,5
0500000US02020,02020,"Anchorage Municipality, Alaska",21113,1122,17178,1109,2537,521,1030,149,368,151
0500000US02050,02050,"Bethel Census Area, Alaska",14697,285,12857,227,1306,173,532,228,2,4
0500000US02060,02060,"Bristol Bay Borough, Alaska",307,48,267,42,19,10,21,22,0,11
0500000US02070,02070,"Dillingham Census Area, Alaska",3599,102,3175,95,291,68,113,91,20,31
0500000US02090,02090,"Fairbanks North Star Borough, Alaska",6840,694,5364,735,908,333,466,139,102,71
0500000US02105,02105,"Hoonah-Angoon Census Area, Alaska",829,92,775,86,20,14,34,28,0,11
0500000US02110,02110,"Juneau City and Borough, Alaska",3416,382,2639,349,634,396,116,54,27,28
0500000US02122,02122,"Kenai Peninsula Borough, Alaska",3971,341,3206,325,536,183,149,79,80,53
0500000US02130,02130,"Ketchikan Gateway Borough, Alaska",1820,143,1375,144,366,98,34,22,45,47
0500000US02150,02150,"Kodiak Island Borough, Alaska",1886,205,1616,214,173,97,72,46,25,44
0500000US02158,02158,"Kusilvak Census Area, Alaska",7327,133,6756,95,299,50,267,120,5,10
0500000US02164,02164,"Lake and Peninsula Borough, Alaska",877,218,769,190,61,24,47,65,0,11
0500000US02170,02170,"Matanuska-Susitna Borough, Alaska",5038,448,3965,337,501,167,427,189,145,88
0500000US02180,02180,"Nome Census Area, Alaska",7276,298,6296,147,608,108,340,271,32,25
0500000US02185,02185,"North Slope Borough, Alaska",4880,207,4339,204,403,122,135,111,3,8
0500000US02188,02188,"Northwest Arctic Borough, Alaska",6158,103,5505,134,554,117,85,54,14,17
0500000US02195,02195,"Petersburg Borough, Alaska",221,50,199,46,19,13,3,6,0,11
0500000US02198,02198,"Prince of Wales-Hyder Census Area, Alaska",2708,135,2352,106,159,45,174,93,23,25
0500000US02220,02220,"Sitka City and Borough, Alaska",1189,150,1036,142,103,50,38,33,12,13
0500000US02240,02240,"Southeast Fairbanks Census Area, Alaska",793,87,720,82,39,19,31,24,3,5
0500000US02261,02261,"Valdez-Cordova Census Area, Alaska",1228,186,1134,173,46,36,48,32,0,16
0500000US02275,02275,"Wrangell City and Borough, Alaska",531,100,471,98,45,33,15,18,0,11
0500000US02282,02282,"Yakutat City and Borough, Alaska",211,46,173,33,15,9,20,31,3,8
0500000US02290,02290,"Yukon-Koyukuk Census Area, Alaska",4015,266,3429,60,244,40,339,263,3,4
0500000US04001,04001,"Apache County, Arizona",53551,641,49856,452,1264,268,1432,419,999,370
0500000US04003,04003,"Cochise County, Arizona",1344,256,1117,239,97,60,90,60,40,36
0500000US04005,04005,"Coconino County, Arizona",36443,911,33347,785,1731,445,1141,355,224,77
0500000US04007,04007,"Gila County, Arizona",8230,320,7501,303,403,147,306,140,20,25
0500000US04009,04009,"Graham County, Arizona",4827,283,4351,287,227,84,225,115,24,24
0500000US04012,04012,"La Paz County, Arizona",2540,240,2338,219,112,82,26,25,64,73
0500000US04013,04013,"Maricopa County, Arizona",77248,2036,61408,2207,12312,1167,2202,484,1326,292
0500000US04015,04015,"Mohave County, Arizona",4654,365,4131,332,290,149,128,79,105,63
0500000US04017,04017,"Navajo County, Arizona",46959,854,42944,623,2099,377,1412,406,504,233
0500000US04019,04019,"Pima County, Arizona",33547,1379,26152,1210,6377,1081,533,198,485,280
0500000US04021,04021,"Pinal County, Arizona",18531,1412,15406,1338,2348,703,655,239,122,52
0500000US04025,04025,"Yavapai County, Arizona",3420,442,2847,419,430,210,112,79,31,31
0500000US04027,04027,"Yuma County, Arizona",2514,360,2039,326,158,77,285,115,32,33
0500000US05007,05007,"Benton County, Arkansas",3812,494,3284,447,237,126,66,63,225,120
0500000US05013,05013,"Calhoun County, Arkansas",0,16,0,16,0,16,0,16,0,16
0500000US05033,05033,"Crawford County, Arkansas",1215,316,941,298,218,158,8,11,48,42
0500000US05119,05119,"Pulaski County, Arkansas",916,265,677,223,110,96,103,122,26,30
0500000US05131,05131,"Sebastian County, Arkansas",1710,341,1240,287,151,105,50,40,269,138
0500000US05143,05143,"Washington County, Arkansas",1867,397,1449,350,142,76,81,56,195,111
0500000US05147,05147,"Woodruff County, Arkansas",0,16,0,16,0,16,0,16,0,16
0500000US06001,06001,"Alameda County, California",9812,977,8679,960,729,175,296,150,108,63
0500000US06003,06003,"Alpine County, California",256,55,231,51,20,16,0,11,5,9
0500000US06007,06007,"Butte County, California",2454,404,2055,389,335,103,35,27,29,33
0500000US06011,06011,"Colusa County, California",248,74,177,69,58,49,13,15,0,21
0500000US06013,06013,"Contra Costa County, California",5555,778,4622,741,467,187,299,102,167,99
0500000US06015,06015,"Del Norte County, California",2141,328,1583,246,422,215,60,37,76,95
0500000US06017,06017,"El Dorado County, California",1445,359,1204,344,109,88,100,61,32,35
0500000US06019,06019,"Fresno County, California",9954,1086,7810,949,1618,399,411,255,115,106
0500000US06021,06021,"Glenn County, California",620,131,517,102,17,23,74,80,12,14
0500000US06023,06023,"Humboldt County, California",6871,670,5547,517,1160,484,126,86,38,33
0500000US06025,06025,"Imperial County, California",1857,379,1630,398,114,53,47,37,66,85
0500000US06027,06027,"Inyo County, California",2056,108,1934,116,85,33,29,25,8,11
0500000US06029,06029,"Kern County, California",9561,1603,8031,1345,1024,441,298,104,208,119
0500000US06031,06031,"Kings County, California",2282,311,1613,259,429,202,206,82,34,28
0500000US06033,06033,"Lake County, California",2073,206,1767,227,208,108,98,71,0,27
0500000US06035,06035,"Lassen County, California",994,162,784,96,55,36,124,125,31,30
0500000US06037,06037,"Los Angeles County, California",67714,2848,58672,2776,6500,1087,1325,351,1217,367
0500000US06039,06039,"Madera County, California",2298,578,2008,549,196,109,94,65,0,27
0500000US06041,06041,"Marin County, California",669,212,602,210,12,19,49,30,6,11
0500000US06045,06045,"Mendocino County, California",3530,567,2995,440,469,308,50,56,16,23
0500000US06047,06047,"Merced County, California",1759,480,1557,470,166,106,24,26,12,15
0500000US06049,06049,"Modoc County, California",355,87,319,83,23,20,4,8,9,16
0500000US06051,06051,"Mono County, California",372,67,364,67,3,4,5,6,0,18
0500000US06053,06053,"Monterey County, California",2802,495,2564,474,99,63,73,51,66,54
0500000US06055,06055,"Napa County, California",1121,493,738,359,335,326,48,37,0,27
0500000US06057,06057,"Nevada County, California",947,312,829,304,67,68,48,45,3,4
0500000US06059,06059,"Orange County, California",14873,1382,12871,1294,1079,305,524,233,399,151
0500000US06061,06061,"Placer County, California",1974,358,1715,346,100,65,127,81,32,32
0500000US06065,06065,"Riverside County, California",19261,1393,16227,1370,2182,659,649,222,203,93
0500000US06067,06067,"Sacramento County, California",10271,1034,8194,963,1496,335,449,158,132,67
0500000US06071,06071,"San Bernardino County, California",16713,1427,13975,1426,1563,352,585,261,590,221
0500000US06073,06073,"San Diego County, California",20881,1464,17123,1395,2572,610,464,208,722,267
0500000US06075,06075,"San Francisco County, California",3098,525,2660,487,231,113,190,93,17,24
0500000US06077,06077,"San Joaquin County, California",4303,639,3375,558,687,313,224,122,17,30
0500000US06079,06079,"San Luis Obispo County, California",1912,384,1704,375,74,71,42,38,92,95
0500000US06081,06081,"San Mateo County, California",2483,459,2019,434,242,112,198,98,24,35
0500000US06083,06083,"Santa Barbara County, California",3982,605,3189,620,445,131,292,160,56,39
0500000US06085,06085,"Santa Clara County, California",9762,1104,7939,948,915,249,455,199,453,242
0500000US06087,06087,"Santa Cruz County, California",1568,430,1373,414,66,59,122,79,7,12
0500000US06089,06089,"Shasta County, California",4282,510,3586,513,494,255,125,83,77,80
0500000US06093,06093,"Siskiyou County, California",1445,190,1309,182,120,59,16,16,0,24
0500000US06095,06095,"Solano County, California",2183,329,1655,303,346,148,117,60,65,58
0500000US06097,06097,"Sonoma County, California",5781,1130,4876,1059,659,323,224,127,22,40
0500000US06099,06099,"Stanislaus County, California",3757,526,2952,471,643,236,135,73,27,37
0500000US06101,06101,"Sutter County, California",1008,194,785,165,89,71,56,58,78,72
0500000US06103,06103,"Tehama County, California",1609,394,1299,400,121,117,167,86,22,34
0500000US06105,06105,"Trinity County, California",519,149,445,118,74,93,0,18,0,18
0500000US06107,06107,"Tulare County, California",5812,676,4789,648,752,325,126,103,145,91
0500000US06109,06109,"Tuolumne County, California",803,180,707,176,36,23,60,32,0,27
0500000US06111,06111,"Ventura County, California",6593,1050,5784,1009,520,251,171,116,118,94
0500000US06113,06113,"Yolo County, California",1286,363,894,300,284,202,91,80,17,27
0500000US06115,06115,"Yuba County, California",887,237,651,198,176,113,60,56,0,27
0500000US08001,08001,"Adams County, Colorado",6129,958,4857,874,643,332,455,172,174,124
0500000US08005,08005,"Arapahoe County, Colorado",3253,515,2741,493,193,94,213,92,106,71
0500000US08013,08013,"Boulder County, Colorado",1445,282,1110,230,201,150,92,61,42,30
0500000US08031,08031,"Denver County, Colorado",6530,793,5363,769,584,202,428,174,155,90
0500000US08035,08035,"Douglas County, Colorado",766,206,690,205,29,29,27,30,20,18
0500000US08041,08041,"El Paso County, Colorado",4379,691,3223,567,638,276,39,35,479,207
0500000US08043,08043,"Fremont County, Colorado",538,164,386,131,66,81,48,49,38,36
0500000US08049,08049,"Grand County, Colorado",0,18,0,18,0,18,0,18,0,18
0500000US08059,08059,"Jefferson County, Colorado",4498,605,3755,581,353,187,320,210,70,38
0500000US08061,08061,"Kiowa County, Colorado",0,11,0,11,0,11,0,11,0,11
0500000US08065,08065,"Lake County, Colorado",0,16,0,16,0,16,0,16,0,16
0500000US08067,08067,"La Plata County, Colorado",2972,300,2611,329,268,200,22,24,71,45
0500000US08069,08069,"Larimer County, Colorado",1926,318,1496,265,335,149,67,76,28,28
0500000US08077,08077,"Mesa County, Colorado",1214,305,1009,293,50,65,53,75,102,90
0500000US08079,08079,"Mineral County, Colorado",0,11,0,11,0,11,0,11,0,11
0500000US08083,08083,"Montezuma County, Colorado",2835,358,2662,342,83,60,67,41,23,24
0500000US08101,08101,"Pueblo County, Colorado",5532,810,4269,722,1186,336,36,47,41,67
0500000US08123,08123,"Weld County, Colorado",2095,429,1667,340,81,57,252,226,95,55
0500000US09001,09001,"Fairfield County, Connecticut",2424,554,2039,484,343,271,26,28,16,16
0500000US09003,09003,"Hartford County, Connecticut",2501,494,1929,518,471,340,69,70,32,30
0500000US09009,09009,"New Haven County, Connecticut",1232,303,1001,286,91,65,71,65,69,79
0500000US09011,09011,"New London County, Connecticut",1644,298,1494,299,89,77,38,39,23,32
0500000US10001,10001,"Kent County, Delaware",1117,201,976,200,50,43,67,59,24,28
0500000US10003,10003,"New Castle County, Delaware",1381,275,1191,250,131,94,35,30,24,25
0500000US10005,10005,"Sussex County, Delaware",916,301,694,210,214,282,0,27,8,12
0500000US11001,11001,"District of Columbia, District of Columbia",1697,449,1418,438,171,89,0,27,108,55
0500000US12001,12001,"Alachua County, Florida",915,157,665,120,86,56,127,111,37,38
0500000US12005,12005,"Bay County, Florida",1373,286,1046,330,202,233,1,3,124,109
0500000US12009,12009,"Brevard County, Florida",1984,385,1503,338,183,138,97,101,201,133
0500000US12011,12011,"Broward County, Florida",4741,660,3909,623,592,305,195,93,45,41
0500000US12021,12021,"Collier County, Florida",994,367,918,354,37,40,39,39,0,27
0500000US12031,12031,"Duval County, Florida",1894,411,1540,369,313,173,17,19,24,25
0500000US12033,12033,"Escambia County, Florida",1357,359,1004,266,247,238,13,20,93,66
0500000US12043,12043,"Glades County, Florida",510,39,500,40,5,10,5,10,0,18
0500000US12051,12051,"Hendry County, Florida",820,285,584,54,203,285,33,32,0,24
0500000US12057,12057,"Hillsborough County, Florida",4071,529,3298,501,399,187,172,112,202,106
0500000US12069,12069,"Lake County, Florida",1192,312,1022,312,102,73,42,37,26,23
0500000US12071,12071,"Lee County, Florida",1283,370,1087,349,107,81,81,114,8,10
0500000US12073,12073,"Leon County, Florida",616,161,418,135,170,88,15,22,13,19
0500000US12086,12086,"Miami-Dade County, Florida",4108,789,3544,781,334,181,106,70,124,81
0500000US12091,12091,"Okaloosa County, Florida",1177,367,952,350,100,91,29,36,96,80
0500000US12095,12095,"Orange County, Florida",2616,478,2052,452,170,114,215,111,179,99
0500000US12099,12099,"Palm Beach County, Florida",2070,455,1763,436,258,140,9,13,40,43
0500000US12101,12101,"Pasco County, Florida",1842,324,1448,259,192,155,172,161,30,30
0500000US12103,12103,"Pinellas County, Florida",2706,444,2340,436,265,96,34,51,67,58
0500000US12105,12105,"Polk County, Florida",1981,385,1676,380,264,148,15,17,26,24
0500000US12111,12111,"St. Lucie County, Florida",898,303,765,297,102,87,23,29,8,13
0500000US12113,12113,"Santa Rosa County, Florida",968,254,778,211,72,65,64,65,54,56
0500000US12115,12115,"Sarasota County, Florida",857,190,685,206,139,147,29,26,4,5
0500000US12127,12127,"Volusia County, Florida",1809,375,1532,339,243,148,15,16,19,19
0500000US13005,13005,"Bacon County, Georgia",0,18,0,18,0,18,0,18,0,18
0500000US13017,13017,"Ben Hill County, Georgia",0,18,0,18,0,18,0,18,0,18
0500000US13037,13037,"Calhoun County, Georgia",0,16,0,16,0,16,0,16,0,16
0500000US13051,13051,"Chatham County, Georgia",852,204,532,191,171,109,83,104,66,61
0500000US13061,13061,"Clay County, Georgia",0,11,0,11,0,11,0,11,0,11
0500000US13067,13067,"Cobb County, Georgia",1719,443,1399,428,182,126,125,98,13,14
0500000US13089,13089,"DeKalb County, Georgia",4697,854,4462,843,83,74,92,81,60,46
0500000US13093,13093,"Dooly County, Georgia",0,18,0,18,0,18,0,18,0,18
0500000US13105,13105,"Elbert County, Georgia",0,18,0,18,0,18,0,18,0,18
0500000US13107,13107,"Emanuel County, Georgia",0,21,0,21,0,21,0,21,0,21
0500000US13121,13121,"Fulton County, Georgia",3770,723,3294,696,269,107,83,81,124,80
0500000US13135,13135,"Gwinnett County, Georgia",2931,742,2695,715,67,45,108,82,61,68
0500000US13141,13141,"Hancock County, Georgia",0,16,0,16,0,16,0,16,0,16
0500000US13147,13147,"Hart County, Georgia",0,21,0,21,0,21,0,21,0,21
0500000US13155,13155,"Irwin County, Georgia",0,16,0,16,0,16,0,16,0,16
0500000US13161,13161,"Jeff Davis County, Georgia",0,18,0,18,0,18,0,18,0,18
0500000US13167,13167,"Johnson County, Georgia",0,16,0,16,0,16,0,16,0,16
0500000US13173,13173,"Lanier County, Georgia",0,18,0,18,0,18,0,18,0,18
0500000US13189,13189,"McDuffie County, Georgia",0,21,0,21,0,21,0,21,0,21
0500000US13197,13197,"Marion County, Georgia",0,16,0,16,0,16,0,16,0,16
0500000US13215,13215,"Muscogee County, Georgia",675,200,570,183,40,39,0,27,65,59
0500000US13231,13231,"Pike County, Georgia",0,18,0,18,0,18,0,18,0,18
0500000US13239,13239,"Quitman County, Georgia",0,11,0,11,0,11,0,11,0,11
0500000US13243,13243,"Randolph County, Georgia",0,16,0,16,0,16,0,16,0,16
0500000US13249,13249,"Schley County, Georgia",0,16,0,16,0,16,0,16,0,16
0500000US13253,13253,"Seminole County, Georgia",0,16,0,16,0,16,0,16,0,16
0500000US13265,13265,"Taliaferro County, Georgia",0,11,0,11,0,11,0,11,0,11
0500000US13269,13269,"Taylor County, Georgia",0,16,0,16,0,16,0,16,0,16
0500000US13283,13283,"Treutlen County, Georgia",0,16,0,16,0,16,0,16,0,16
0500000US13301,13301,"Warren County, Georgia",0,16,0,16,0,16,0,16,0,16
0500000US13317,13317,"Wilkes County, Georgia",0,16,0,16,0,16,0,16,0,16
0500000US15001,15001,"Hawaii County, Hawaii",712,210,496,164,177,119,9,16,30,22
0500000US15003,15003,"Honolulu County, Hawaii",1497,234,943,211,272,97,47,40,235,103
0500000US15005,15005,"Kalawao County, Hawaii",0,11,0,11,0,11,0,11,0,11
0500000US16001,16001,"Ada County, Idaho",2060,483,1654,435,236,163,127,66,43,37
0500000US16005,16005,"Bannock County, Idaho",2301,349,2019,332,186,99,18,18,78,82
0500000US16009,16009,"Benewah County, Idaho",782,85,637,76,83,43,47,41,15,19
0500000US16011,16011,"Bingham County, Idaho",2784,312,2475,323,114,82,181,108,14,15
0500000US16023,16023,"Butte County, Idaho",0,11,0,11,0,11,0,11,0,11
0500000US16025,16025,"Camas County, Idaho",0,11,0,11,0,11,0,11,0,11
0500000US16027,16027,"Canyon County, Idaho",1983,403,1529,400,381,246,46,31,27,24
0500000US16049,16049,"Idaho County, Idaho",536,109,435,97,35,28,66,83,0,18
0500000US16055,16055,"Kootenai County, Idaho",2080,330,1722,335,224,155,102,76,32,27
0500000US16061,16061,"Lewis County, Idaho",248,41,234,39,1,2,13,13,0,11
0500000US16069,16069,"Nez Perce County, Idaho",2255,210,1860,165,237,96,152,137,6,7
0500000US16073,16073,"Owyhee County, Idaho",339,86,322,83,0,18,14,22,3,4
0500000US17031,17031,"Cook County, Illinois",13794,1264,12112,1213,1198,320,93,64,391,114
0500000US17043,17043,"DuPage County, Illinois",1922,486,1472,407,203,123,162,95,85,57
0500000US17047,17047,"Edwards County, Illinois",0,16,0,16,0,16,0,16,0,16
0500000US17089,17089,"Kane County, Illinois",2187,691,1923,667,178,122,56,57,30,38
0500000US17097,17097,"Lake County, Illinois",1463,365,1156,331,70,62,148,149,89,57
0500000US17155,17155,"Putnam County, Illinois",0,16,0,16,0,16,0,16,0,16
0500000US17175,17175,"Stark County, Illinois",0,16,0,16,0,16,0,16,0,16
0500000US17197,17197,"Will County, Illinois",1275,457,1066,443,90,64,88,71,31,29
0500000US18003,18003,"Allen County, Indiana",736,191,566,164,95,63,11,14,64,64
0500000US18013,18013,"Brown County, Indiana",0,18,0,18,0,18,0,18,0,18
0500000US18041,18041,"Fayette County, Indiana",0,21,0,21,0,21,0,21,0,21
0500000US18089,18089,"Lake County, Indiana",1423,294,1242,291,131,82,0,27,50,46
0500000US18097,18097,"Marion County, Indiana",2455,485,1910,457,431,249,71,63,43,41
0500000US18125,18125,"Pike County, Indiana",0,18,0,18,0,18,0,18,0,18
0500000US18139,18139,"Rush County, Indiana",0,18,0,18,0,18,0,18,0,18
0500000US18141,18141,"St. Joseph County, Indiana",1153,278,987,278,89,51,11,15,66,55
0500000US18155,18155,"Switzerland County, Indiana",0,18,0,18,0,18,0,18,0,18
0500000US18161,18161,"Union County, Indiana",0,16,0,16,0,16,0,16,0,16
0500000US19051,19051,"Davis County, Iowa",0,16,0,16,0,16,0,16,0,16
0500000US19089,19089,"Howard County, Iowa",0,16,0,16,0,16,0,16,0,16
0500000US19107,19107,"Keokuk County, Iowa",0,18,0,18,0,18,0,18,0,18
0500000US19135,19135,"Monroe County, Iowa",0,16,0,16,0,16,0,16,0,16
0500000US19151,19151,"Pocahontas County, Iowa",0,16,0,16,0,16,0,16,0,16
0500000US19153,19153,"Polk County, Iowa",1296,402,1078,360,150,98,38,40,30,41
0500000US19157,19157,"Poweshiek County, Iowa",0,18,0,18,0,18,0,18,0,18
0500000US19161,19161,"Sac County, Iowa",0,16,0,16,0,16,0,16,0,16
0500000US19171,19171,"Tama County, Iowa",1331,106,1226,94,34,20,71,51,0,18
0500000US19177,19177,"Van Buren County, Iowa",0,16,0,16,0,16,0,16,0,16
0500000US19193,19193,"Woodbury County, Iowa",2060,492,1377,429,340,183,244,137,99,60
0500000US20013,20013,"Brown County, Kansas",874,112,726,83,37,18,75,63,36,41
0500000US20015,20015,"Butler County, Kansas",547,172,361,159,137,79,49,35,0,27
0500000US20017,20017,"Chase County, Kansas",0,11,0,11,0,11,0,11,0,11
0500000US20021,20021,"Cherokee County, Kansas",672,131,570,139,47,60,7,9,48,25
0500000US20023,20023,"Cheyenne County, Kansas",0,11,0,11,0,11,0,11,0,11
0500000US20033,20033,"Comanche County, Kansas",0,11,0,11,0,11,0,11,0,11
0500000US20035,20035,"Cowley County, Kansas",629,129,518,114,64,39,40,45,7,11
0500000US20045,20045,"Douglas County, Kansas",2420,331,1889,298,441,247,57,39,33,24
0500000US20069,20069,"Gray County, Kansas",0,16,0,16,0,16,0,16,0,16
0500000US20085,20085,"Jackson County, Kansas",955,112,867,105,70,40,18,21,0,18
0500000US20091,20091,"Johnson County, Kansas",1563,339,1162,281,191,125,111,72,99,56
0500000US20103,20103,"Leavenworth County, Kansas",539,207,390,189,10,18,61,45,78,67
0500000US20119,20119,"Meade County, Kansas",0,11,0,11,0,11,0,11,0,11
0500000US20125,20125,"Montgomery County, Kansas",1023,188,806,180,173,82,3,6,41,37
0500000US20173,20173,"Sedgwick County, Kansas",4635,658,3831,666,574,208,34,28,196,90
0500000US20177,20177,"Shawnee County, Kansas",1313,261,1035,248,195,76,72,36,11,12
0500000US20209,20209,"Wyandotte County, Kansas",1003,221,690,189,88,63,75,66,150,101
0500000US21005,21005,"Anderson County, Kentucky",0,21,0,21,0,21,0,21,0,21
0500000US21033,21033,"Caldwell County, Kentucky",0,18,0,18,0,18,0,18,0,18
0500000US21053,21053,"Clinton County, Kentucky",0,18,0,18,0,18,0,18,0,18
0500000US21055,21055,"Crittenden County, Kentucky",0,16,0,16,0,16,0,16,0,16
0500000US21057,21057,"Cumberland County, Kentucky",0,16,0,16,0,16,0,16,0,16
0500000US21067,21067,"Fayette County, Kentucky",780,370,670,355,93,99,13,22,4,9
0500000US21077,21077,"Gallatin County, Kentucky",0,16,0,16,0,16,0,16,0,16
0500000US21087,21087,"Green County, Kentucky",0,18,0,18,0,18,0,18,0,18
0500000US21097,21097,"Harrison County, Kentucky",0,18,0,18,0,18,0,18,0,18
0500000US21111,21111,"Jefferson County, Kentucky",1181,229,657,169,372,168,66,47,86,62
0500000US21131,21131,"Leslie County, Kentucky",0,18,0,18,0,18,0,18,0,18
0500000US21159,21159,"Martin County, Kentucky",0,18,0,18,0,18,0,18,0,18
0500000US21165,21165,"Menifee County, Kentucky",0,16,0,16,0,16,0,16,0,16
0500000US21201,21201,"Robertson County, Kentucky",0,11,0,11,0,11,0,11,0,11
0500000US21217,21217,"Taylor County, Kentucky",0,21,0,21,0,21,0,21,0,21
0500000US21221,21221,"Trigg County, Kentucky",0,18,0,18,0,18,0,18,0,18
0500000US22003,22003,"Allen Parish, Louisiana",442,103,360,110,80,64,0,21,2,3
0500000US22009,22009,"Avoyelles Parish, Louisiana",503,149,431,127,58,65,14,22,0,24
0500000US22017,22017,"Caddo Parish, Louisiana",1009,185,903,175,63,54,34,39,9,14
0500000US22023,22023,"Cameron Parish, Louisiana",0,16,0,16,0,16,0,16,0,16
0500000US22035,22035,"East Carroll Parish, Louisiana",0,16,0,16,0,16,0,16,0,16
0500000US22051,22051,"Jefferson Parish, Louisiana",1721,348,1533,318,99,97,60,63,29,42
0500000US22057,22057,"Lafourche Parish, Louisiana",2292,277,1978,257,215,150,76,77,23,34
0500000US22069,22069,"Natchitoches Parish, Louisiana",447,116,437,116,10,12,0,24,0,24
0500000US22071,22071,"Orleans Parish, Louisiana",679,163,452,125,74,48,82,91,71,50
0500000US22079,22079,"Rapides Parish, Louisiana",779,148,740,149,24,25,0,27,15,23
0500000US22083,22083,"Richland Parish, Louisiana",0,21,0,21,0,21,0,21,0,21
0500000US22085,22085,"Sabine Parish, Louisiana",1915,182,1867,187,22,16,0,21,26,40
0500000US22101,22101,"St. Mary Parish, Louisiana",576,108,518,104,28,24,15,21,15,20
0500000US22103,22103,"St. Tammany Parish, Louisiana",1362,295,1126,294,137,137,29,45,70,52
0500000US22107,22107,"Tensas Parish, Louisiana",0,11,0,11,0,11,0,11,0,11
0500000US22109,22109,"Terrebonne Parish, Louisiana",6001,440,5227,513,658,251,95,79,21,25
0500000US22115,22115,"Vernon Parish, Louisiana",821,138,650,103,40,25,0,27,131,96
0500000US23003,23003,"Aroostook County, Maine",1141,102,1020,104,121,47,0,27,0,27
0500000US23005,23005,"Cumberland County, Maine",643,172,552,153,53,53,37,31,1,3
0500000US23011,23011,"Kennebec County, Maine",730,163,599,158,118,70,13,14,0,27
0500000US23019,23019,"Penobscot County, Maine",1627,240,1278,235,324,127,25,17,0,27
0500000US23029,23029,"Washington County, Maine",1506,98,1317,89,137,52,52,42,0,24
0500000US24003,24003,"Anne Arundel County, Maryland",984,235,839,228,77,54,13,17,55,42
0500000US24005,24005,"Baltimore County, Maryland",2381,478,1963,347,178,130,227,279,13,17
0500000US24017,24017,"Charles County, Maryland",980,157,787,174,92,82,53,39,48,57
0500000US24021,24021,"Frederick County, Maryland",585,139,551,126,22,29,6,38,6,10
0500000US24027,24027,"Howard County, Maryland",659,176,546,159,22,27,41,61,50,50
0500000US24031,24031,"Montgomery County, Maryland",3250,544,2582,487,307,148,181,180,180,124
0500000US24033,24033,"Prince George's County, Maryland",2958,526,2647,498,215,180,79,72,17,18
0500000US24510,24510,"Baltimore city, Maryland",1649,437,1086,285,423,259,64,56,76,78
0500000US25001,25001,"Barnstable County, Massachusetts",1030,270,931,235,50,75,6,11,43,80
0500000US25005,25005,"Bristol County, Massachusetts",534,203,417,184,42,30,22,31,53,49
0500000US25009,25009,"Essex County, Massachusetts",1719,567,1557,546,78,58,31,28,53,39
0500000US25013,25013,"Hampden County, Massachusetts",1355,269,1139,248,201,122,15,22,0,27
0500000US25017,25017,"Middlesex County, Massachusetts",2516,455,2249,433,101,63,91,74,75,51
0500000US25025,25025,"Suffolk County, Massachusetts",2553,623,2281,616,135,91,30,26,107,76
0500000US25027,25027,"Worcester County, Massachusetts",1868,432,1612,390,113,81,15,19,128,141
0500000US26005,26005,"Allegan County, Michigan",532,147,522,147,4,8,6,8,0,27
0500000US26009,26009,"Antrim County, Michigan",203,54,183,51,6,8,14,17,0,21
0500000US26013,26013,"Baraga County, Michigan",442,238,375,226,24,22,24,16,19,32
0500000US26021,26021,"Berrien County, Michigan",662,228,388,113,66,52,175,202,33,43
0500000US26025,26025,"Calhoun County, Michigan",797,127,594,141,159,118,26,22,18,18
0500000US26027,26027,"Cass County, Michigan",616,130,574,124,4,7,24,41,14,18
0500000US26029,26029,"Charlevoix County, Michigan",333,76,290,64,7,10,35,38,1,4
0500000US26031,26031,"Cheboygan County, Michigan",531,101,447,85,42,26,33,28,9,16
0500000US26033,26033,"Chippewa County, Michigan",5048,343,4307,343,615,171,107,45,19,34
0500000US26041,26041,"Delta County, Michigan",661,142,582,146,60,33,19,14,0,24
0500000US26045,26045,"Eaton County, Michigan",719,197,597,150,11,16,92,123,19,31
0500000US26047,26047,"Emmet County, Michigan",766,126,592,128,133,66,41,23,0,24
0500000US26049,26049,"Genesee County, Michigan",1503,301,1357,297,70,53,21,24,55,41
0500000US26053,26053,"Gogebic County, Michigan",396,67,391,65,5,8,0,18,0,18
0500000US26055,26055,"Grand Traverse County, Michigan",967,240,779,224,72,60,116,67,0,27
0500000US26065,26065,"Ingham County, Michigan",984,204,781,181,85,48,69,92,49,57
0500000US26073,26073,"Isabella County, Michigan",2043,317,1657,287,269,124,75,42,42,39
0500000US26075,26075,"Jackson County, Michigan",567,123,422,119,52,36,67,50,26,30
0500000US26077,26077,"Kalamazoo County, Michigan",742,201,512,144,62,43,102,99,66,84
0500000US26081,26081,"Kent County, Michigan",2674,504,2160,425,331,250,180,83,3,7
0500000US26089,26089,"Leelanau County, Michigan",640,119,547,104,30,22,23,35,40,33
0500000US26091,26091,"Lenawee County, Michigan",443,134,409,131,14,20,20,24,0,27
0500000US26095,26095,"Luce County, Michigan",424,112,383,105,41,44,0,16,0,16
0500000US26097,26097,"Mackinac County, Michigan",1874,132,1733,111,68,55,9,12,64,73
0500000US26099,26099,"Macomb County, Michigan",2402,445,2121,401,55,42,220,207,6,9
0500000US26101,26101,"Manistee County, Michigan",384,124,332,120,24,22,28,22,0,21
0500000US26103,26103,"Marquette County, Michigan",582,146,452,120,92,63,31,36,7,10
0500000US26109,26109,"Menominee County, Michigan",537,64,490,63,39,25,8,12,0,21
0500000US26115,26115,"Monroe County, Michigan",569,172,533,162,1,2,35,48,0,27
0500000US26121,26121,"Muskegon County, Michigan",1063,206,834,179,148,130,68,43,13,17
0500000US26125,26125,"Oakland County, Michigan",3000,323,2549,310,311,137,99,53,41,35
0500000US26127,26127,"Oceana County, Michigan",225,103,208,96,11,12,6,12,0,21
0500000US26139,26139,"Ottawa County, Michigan",838,193,734,197,97,113,7,9,0,27
0500000US26145,26145,"Saginaw County, Michigan",561,141,452,119,85,71,24,26,0,27
0500000US26153,26153,"Schoolcraft County, Michigan",561,108,454,106,102,88,5,7,0,16
0500000US26159,26159,"Van Buren County, Michigan",525,235,368,182,127,143,23,24,7,11
0500000US26161,26161,"Washtenaw County, Michigan",915,319,859,318,16,20,10,11,30,28
0500000US26163,26163,"Wayne County, Michigan",6007,693,4542,570,765,215,354,196,346,377
0500000US27001,27001,"Aitkin County, Minnesota",341,51,271,41,38,21,32,31,0,18
0500000US27003,27003,"Anoka County, Minnesota",1986,319,1728,311,142,96,116,64,0,27
0500000US27005,27005,"Becker County, Minnesota",2522,148,2228,152,160,74,130,58,4,9
0500000US27007,27007,"Beltrami County, Minnesota",9386,305,7923,397,1141,325,164,66,158,99
0500000US27011,27011,"Big Stone County, Minnesota",0,16,0,16,0,16,0,16,0,16
0500000US27017,27017,"Carlton County, Minnesota",1875,189,1685,176,39,22,135,62,16,18
0500000US27021,27021,"Cass County, Minnesota",3239,168,2789,146,208,59,233,75,9,14
0500000US27025,27025,"Chisago County, Minnesota",268,69,188,61,24,37,56,50,0,27
0500000US27027,27027,"Clay County, Minnesota",835,203,656,131,16,18,20,17,143,147
0500000US27029,27029,"Clearwater County, Minnesota",724,71,626,65,65,45,29,16,4,7
0500000US27031,27031,"Cook County, Minnesota",450,49,376,32,28,18,23,19,23,35
0500000US27035,27035,"Crow Wing County, Minnesota",661,144,580,132,31,25,50,44,0,27
0500000US27037,27037,"Dakota County, Minnesota",1007,179,868,166,66,65,54,52,19,16
0500000US27049,27049,"Goodhue County, Minnesota",488,115,372,92,26,21,85,72,5,10
0500000US27053,27053,"Hennepin County, Minnesota",8091,718,5879,631,1520,332,463,138,229,127
0500000US27057,27057,"Hubbard County, Minnesota",403,58,383,64,15,17,5,5,0,21
0500000US27061,27061,"Itasca County, Minnesota",1624,163,1471,165,84,39,69,35,0,24
0500000US27071,27071,"Koochiching County, Minnesota",453,70,361,87,92,63,0,18,0,18
0500000US27087,27087,"Mahnomen County, Minnesota",2297,120,1959,93,209,49,116,90,13,16
0500000US27095,27095,"Mille Lacs County, Minnesota",1244,134,1032,114,128,50,84,50,0,21
0500000US27115,27115,"Pine County, Minnesota",771,111,597,92,58,47,89,57,27,21
0500000US27119,27119,"Polk County, Minnesota",398,83,242,67,85,32,63,44,8,9
0500000US27123,27123,"Ramsey County, Minnesota",3576,520,2726,446,431,234,364,135,55,35
0500000US27127,27127,"Redwood County, Minnesota",769,93,683,60,17,13,53,63,16,26
0500000US27137,27137,"St. Louis County, Minnesota",3641,353,2830,334,616,215,167,63,28,25
0500000US27139,27139,"Scott County, Minnesota",947,158,864,154,55,46,25,25,3,4
0500000US27145,27145,"Stearns County, Minnesota",486,126,246,137,148,70,85,42,7,8
0500000US27151,27151,"Swift County, Minnesota",0,16,0,16,0,16,0,16,0,16
0500000US27163,27163,"Washington County, Minnesota",804,180,619,163,82,59,68,39,35,33
0500000US27173,27173,"Yellow Medicine County, Minnesota",415,119,221,36,156,124,38,34,0,16
0500000US28009,28009,"Benton County, Mississippi",0,16,0,16,0,16,0,16,0,16
0500000US28013,28013,"Calhoun County, Mississippi",0,18,0,18,0,18,0,18,0,18
0500000US28031,28031,"Covington County, Mississippi",0,18,0,18,0,18,0,18,0,18
0500000US28037,28037,"Franklin County, Mississippi",0,16,0,16,0,16,0,16,0,16
0500000US28047,28047,"Harrison County, Mississippi",925,244,663,193,101,118,15,25,146,176
0500000US28055,28055,"Issaquena County, Mississippi",0,11,0,11,0,11,0,11,0,11
0500000US28059,28059,"Jackson County, Mississippi",666,250,348,120,144,112,174,232,0,27
0500000US28063,28063,"Jefferson County, Mississippi",0,16,0,16,0,16,0,16,0,16
0500000US28065,28065,"Jefferson Davis County, Mississippi",0,18,0,18,0,18,0,18,0,18
0500000US28077,28077,"Lawrence County, Mississippi",0,18,0,18,0,18,0,18,0,18
0500000US28079,28079,"Leake County, Mississippi",1243,66,1237,66,6,10,0,21,0,21
0500000US28083,28083,"Leflore County, Mississippi",0,24,0,24,0,24,0,24,0,24
0500000US28097,28097,"Montgomery County, Mississippi",0,18,0,18,0,18,0,18,0,18
0500000US28099,28099,"Neshoba County, Mississippi",4584,238,4329,253,198,118,52,54,5,10
0500000US28101,28101,"Newton County, Mississippi",1282,324,976,106,31,46,11,20,264,307
0500000US28111,28111,"Perry County, Mississippi",0,18,0,18,0,18,0,18,0,18
0500000US28117,28117,"Prentiss County, Mississippi",0,21,0,21,0,21,0,21,0,21
0500000US28119,28119,"Quitman County, Mississippi",0,16,0,16,0,16,0,16,0,16
0500000US28127,28127,"Simpson County, Mississippi",0,21,0,21,0,21,0,21,0,21
0500000US28143,28143,"Tunica County, Mississippi",0,18,0,18,0,18,0,18,0,18
0500000US28147,28147,"Walthall County, Mississippi",0,18,0,18,0,18,0,18,0,18
0500000US28157,28157,"Wilkinson County, Mississippi",0,16,0,16,0,16,0,16,0,16
0500000US29047,29047,"Clay County, Missouri",1044,262,937,263,46,40,54,44,7,7
0500000US29077,29077,"Greene County, Missouri",1365,221,1058,202,81,68,157,94,69,65
0500000US29095,29095,"Jackson County, Missouri",2898,417,2281,397,365,131,141,85,111,69
0500000US29097,29097,"Jasper County, Missouri",1599,233,1492,239,47,43,18,24,42,43
0500000US29103,29103,"Knox County, Missouri",0,11,0,11,0,11,0,11,0,11
0500000US29119,29119,"McDonald County, Missouri",590,160,500,143,39,50,24,38,27,32
0500000US29145,29145,"Newton County, Missouri",1218,180,1156,169,38,33,0,27,24,19
0500000US29183,29183,"St. Charles County, Missouri",700,188,647,188,18,20,15,18,20,22
0500000US29189,29189,"St. Louis County, Missouri",1390,275,1176,278,119,67,40,40,55,55
0500000US29199,29199,"Scotland County, Missouri",0,11,0,11,0,11,0,11,0,11
0500000US29510,29510,"St. Louis city, Missouri",1015,267,745,234,49,49,186,104,35,22
0500000US30003,30003,"Big Horn County, Montana",8858,223,8295,307,329,219,205,93,29,22
0500000US30005,30005,"Blaine County, Montana",3281,114,2768,157,358,121,122,58,33,35
0500000US30013,30013,"Cascade County, Montana",4065,526,2659,372,715,195,638,419,53,55
0500000US30015,30015,"Chouteau County, Montana",1098,89,1068,78,1,3,29,37,0,16
0500000US30029,30029,"Flathead County, Montana",1336,289,1205,288,68,68,53,60,10,12
0500000US30031,30031,"Gallatin County, Montana",1141,424,671,184,58,40,367,316,45,61
0500000US30033,30033,"Garfield County, Montana",0,11,0,11,0,11,0,11,0,11
0500000US30035,30035,"Glacier County, Montana",8705,215,8016,316,482,254,162,71,45,54
0500000US30037,30037,"Golden Valley County, Montana",0,11,0,11,0,11,0,11,0,11
0500000US30041,30041,"Hill County, Montana",3922,272,3429,229,277,107,159,84,57,70
0500000US30047,30047,"Lake County, Montana",6948,378,6160,370,541,195,175,130,72,92
0500000US30049,30049,"Lewis and Clark County, Montana",1134,242,772,197,295,151,61,36,6,8
0500000US30051,30051,"Liberty County, Montana",0,11,0,11,0,11,0,11,0,11
0500000US30063,30063,"Missoula County, Montana",2603,375,2120,375,251,154,212,84,20,23
0500000US30069,30069,"Petroleum County, Montana",0,11,0,11,0,11,0,11,0,11
0500000US30071,30071,"Phillips County, Montana",459,54,381,61,42,50,27,20,9,12
0500000US30073,30073,"Pondera County, Montana",984,211,781,45,33,22,170,207,0,16
0500000US30077,30077,"Powell County, Montana",259,73,181,51,0,16,77,45,1,2
0500000US30085,30085,"Roosevelt County, Montana",6369,314,5476,316,512,158,269,162,112,68
0500000US30087,30087,"Rosebud County, Montana",3284,183,2961,182,228,98,81,73,14,18
0500000US30089,30089,"Sanders County, Montana",512,107,382,45,11,11,119,95,0,18
0500000US30097,30097,"Sweet Grass County, Montana",0,11,0,11,0,11,0,11,0,11
0500000US30105,30105,"Valley County, Montana",684,90,622,83,13,12,15,14,34,33
0500000US30111,30111,"Yellowstone County, Montana",6216,494,4520,606,1472,496,151,59,73,51
0500000US31005,31005,"Arthur County, Nebraska",0,11,0,11,0,11,0,11,0,11
0500000US31007,31007,"Banner County, Nebraska",0,11,0,11,0,11,0,11,0,11
0500000US31009,31009,"Blaine County, Nebraska",0,11,0,11,0,11,0,11,0,11
0500000US31011,31011,"Boone County, Nebraska",0,16,0,16,0,16,0,16,0,16
0500000US31029,31029,"Chase County, Nebraska",0,11,0,11,0,11,0,11,0,11
0500000US31055,31055,"Douglas County, Nebraska",2499,428,1972,374,323,104,76,42,128,122
0500000US31061,31061,"Franklin County, Nebraska",0,11,0,11,0,11,0,11,0,11
0500000US31071,31071,"Garfield County, Nebraska",0,11,0,11,0,11,0,11,0,11
0500000US31075,31075,"Grant County, Nebraska",0,11,0,11,0,11,0,11,0,11
0500000US31077,31077,"Greeley County, Nebraska",0,11,0,11,0,11,0,11,0,11
0500000US31085,31085,"Hayes County, Nebraska",0,11,0,11,0,11,0,11,0,11
0500000US31091,31091,"Hooker County, Nebraska",0,11,0,11,0,11,0,11,0,11
0500000US31103,31103,"Keya Paha County, Nebraska",0,11,0,11,0,11,0,11,0,11
0500000US31107,31107,"Knox County, Nebraska",814,66,670,59,68,26,54,37,22,24
0500000US31109,31109,"Lancaster County, Nebraska",1628,331,1246,307,234,94,89,55,59,44
0500000US31117,31117,"McPherson County, Nebraska",0,11,0,11,0,11,0,11,0,11
0500000US31119,31119,"Madison County, Nebraska",413,151,329,144,47,29,29,30,8,10
0500000US31145,31145,"Red Willow County, Nebraska",0,18,0,18,0,18,0,18,0,18
0500000US31149,31149,"Rock County, Nebraska",0,11,0,11,0,11,0,11,0,11
0500000US31153,31153,"Sarpy County, Nebraska",729,168,625,145,0,27,81,68,23,27
0500000US31157,31157,"Scotts Bluff County, Nebraska",429,133,291,105,89,85,24,21,25,41
0500000US31161,31161,"Sheridan County, Nebraska",474,68,408,75,41,35,0,16,25,38
0500000US31167,31167,"Stanton County, Nebraska",0,16,0,16,0,16,0,16,0,16
0500000US31173,31173,"Thurston County, Nebraska",3952,125,3465,96,346,81,18,21,123,80
0500000US31183,31183,"Wheeler County, Nebraska",0,11,0,11,0,11,0,11,0,11
0500000US32001,32001,"Churchill County, Nevada",1074,146,902,104,68,48,30,23,74,95
0500000US32003,32003,"Clark County, Nevada",12796,974,9623,895,2527,581,102,69,544,184
0500000US32005,32005,"Douglas County, Nevada",831,148,715,117,94,72,3,4,19,23
0500000US32007,32007,"Elko County, Nevada",2792,153,2466,199,293,147,22,16,11,10
0500000US32013,32013,"Humboldt County, Nevada",826,100,668,60,52,40,93,79,13,22
0500000US32015,32015,"Lander County, Nevada",436,216,422,216,0,16,14,20,0,16
0500000US32019,32019,"Lyon County, Nevada",1131,192,978,194,68,62,80,45,5,12
0500000US32021,32021,"Mineral County, Nevada",1070,210,1045,208,13,11,12,10,0,11
0500000US32023,32023,"Nye County, Nevada",675,147,617,147,11,15,47,49,0,24
0500000US32027,32027,"Pershing County, Nevada",223,110,195,103,6,12,8,13,14,27
0500000US32031,32031,"Washoe County, Nevada",7129,610,5901,507,814,221,140,66,274,179
0500000US32033,32033,"White Pine County, Nevada",639,107,525,131,83,72,31,27,0,16
0500000US32510,32510,"Carson City, Nevada",1367,298,1105,286,97,59,104,101,61,59
0500000US33011,33011,"Hillsborough County, New Hampshire",487,148,348,134,95,65,15,20,29,32
0500000US34001,34001,"Atlantic County, New Jersey",892,358,521,148,360,342,0,27,11,12
0500000US34003,34003,"Bergen County, New Jersey",1587,354,1373,342,103,66,23,27,88,60
0500000US34007,34007,"Camden County, New Jersey",1067,350,936,349,108,75,23,29,0,27
0500000US34011,34011,"Cumberland County, New Jersey",1210,323,1049,265,133,117,0,27,28,39
0500000US34013,34013,"Essex County, New Jersey",1946,396,1804,415,112,98,13,20,17,18
0500000US34017,34017,"Hudson County, New Jersey",2054,572,1888,581,141,93,20,24,5,10
0500000US34023,34023,"Middlesex County, New Jersey",1411,267,1329,262,68,64,7,13,7,14
0500000US34025,34025,"Monmouth County, New Jersey",925,213,727,202,192,120,6,11,0,27
0500000US34031,34031,"Passaic County, New Jersey",2046,493,1864,513,145,154,27,33,10,14
0500000US34039,34039,"Union County, New Jersey",1576,560,1411,525,28,29,11,17,126,136
0500000US35001,35001,"Bernalillo County, New Mexico",30354,1314,24780,1398,4024,639,1045,338,505,143
0500000US35005,35005,"Chaves County, New Mexico",933,264,825,258,79,68,3,6,26,40
0500000US35006,35006,"Cibola County, New Mexico",10982,413,9913,409,658,275,258,151,153,183
0500000US35011,35011,"De Baca County, New Mexico",0,11,0,11,0,11,0,11,0,11
0500000US35013,35013,"Doña Ana County, New Mexico",2417,371,1894,345,253,143,145,104,125,80
0500000US35015,35015,"Eddy County, New Mexico",727,129,646,167,50,71,12,17,19,21
0500000US35025,35025,"Lea County, New Mexico",573,156,487,140,19,21,10,12,57,40
0500000US35031,35031,"McKinley County, New Mexico",55172,912,50749,950,2646,775,1023,421,754,409
0500000US35035,35035,"Otero County, New Mexico",4268,321,3826,320,354,160,71,54,17,19
0500000US35039,35039,"Rio Arriba County, New Mexico",6309,349,5861,284,240,144,175,95,33,38
0500000US35043,35043,"Sandoval County, New Mexico",16940,451,16228,436,359,161,324,171,29,27
0500000US35045,35045,"San Juan County, New Mexico",49190,730,44849,1002,3462,724,609,277,270,104
0500000US35049,35049,"Santa Fe County, New Mexico",4930,604,4366,592,304,128,169,78,91,60
0500000US35053,35053,"Socorro County, New Mexico",1979,558,1860,536,0,18,117,141,2,3
0500000US35055,35055,"Taos County, New Mexico",2338,243,2250,253,48,41,8,13,32,46
0500000US35061,35061,"Valencia County, New Mexico",3231,332,2978,288,71,48,146,108,36,51
0500000US36001,36001,"Albany County, New York",635,197,411,174,48,35,121,115,55,49
0500000US36005,36005,"Bronx County, New York",9308,1060,8732,1058,295,133,96,58,185,115
0500000US36009,36009,"Cattaraugus County, New York",2263,130,1961,127,221,60,81,52,0,27
0500000US36013,36013,"Chautauqua County, New York",548,230,234,75,163,103,149,191,2,3
0500000US36027,36027,"Dutchess County, New York",1126,369,922,348,108,74,7,14,89,74
0500000US36029,36029,"Erie County, New York",4378,368,3852,375,343,130,170,150,13,18
0500000US36033,36033,"Franklin County, New York",3531,268,3425,277,50,48,56,39,0,27
0500000US36037,36037,"Genesee County, New York",527,125,518,127,0,27,9,14,0,27
0500000US36045,36045,"Jefferson County, New York",678,333,601,324,40,32,1,2,36,33
0500000US36047,36047,"Kings County, New York",8483,890,7535,812,593,316,122,73,233,110
0500000US36055,36055,"Monroe County, New York",2989,423,2103,353,730,271,59,69,97,95
0500000US36059,36059,"Nassau County, New York",3505,689,2959,626,231,205,220,152,95,113
0500000US36061,36061,"New York County, New York",5648,1038,4924,1043,388,292,179,82,157,80
0500000US36063,36063,"Niagara County, New York",2259,260,1988,270,229,147,13,13,29,29
0500000US36067,36067,"Onondaga County, New York",2705,414,2064,373,334,121,69,51,238,214
0500000US36071,36071,"Orange County, New York",1300,297,1040,273,151,144,41,30,68,61
0500000US36081,36081,"Queens County, New York",8763,850,8185,838,233,97,207,127,138,92
0500000US36085,36085,"Richmond County, New York",1320,448,1240,427,26,33,37,56,17,21
0500000US36087,36087,"Rockland County, New York",632,160,595,156,0,27,14,24,23,37
0500000US36089,36089,"St. Lawrence County, New York",710,140,641,132,44,30,10,15,15,21
0500000US36103,36103,"Suffolk County, New York",3599,653,3285,631,166,111,76,41,72,63
0500000US36119,36119,"Westchester County, New York",4050,679,3549,609,344,210,41,30,116,81
0500000US37001,37001,"Alamance County, North Carolina",561,217,431,180,57,57,73,102,0,27
0500000US37017,37017,"Bladen County, North Carolina",794,127,669,117,54,52,39,32,32,53
0500000US37021,37021,"Buncombe County, North Carolina",1066,221,982,226,9,15,19,24,56,50
0500000US37047,37047,"Columbus County, North Carolina",2039,223,1809,206,105,48,125,90,0,27
0500000US37051,37051,"Cumberland County, North Carolina",4545,410,3808,362,431,146,103,69,203,127
0500000US37057,37057,"Davidson County, North Carolina",571,151,424,111,90,60,27,29,30,47
0500000US37067,37067,"Forsyth County, North Carolina",1187,277,902,242,95,63,63,59,127,110
0500000US37071,37071,"Gaston County, North Carolina",752,146,694,138,45,42,13,18,0,27
0500000US37075,37075,"Graham County, North Carolina",916,89,843,105,73,65,0,16,0,16
0500000US37081,37081,"Guilford County, North Carolina",2206,338,1937,346,160,105,109,67,0,27
0500000US37083,37083,"Halifax County, North Carolina",1939,175,1832,171,74,55,33,39,0,27
0500000US37085,37085,"Harnett County, North Carolina",1204,184,1060,186,19,23,103,67,22,29
0500000US37091,37091,"Hertford County, North Carolina",294,37,269,32,7,7,18,22,0,21
0500000US37093,37093,"Hoke County, North Carolina",4121,252,3914,246,56,42,139,85,12,17
0500000US37095,37095,"Hyde County, North Carolina",0,16,0,16,0,16,0,16,0,16
0500000US37099,37099,"Jackson County, North Carolina",3568,401,3297,369,116,111,151,107,4,10
0500000US37101,37101,"Johnston County, North Carolina",1151,384,933,282,184,242,34,47,0,27
0500000US37119,37119,"Mecklenburg County, North Carolina",2977,441,2303,403,327,189,138,86,209,103
0500000US37133,37133,"Onslow County, North Carolina",882,230,585,214,144,92,36,30,117,73
0500000US37135,37135,"Orange County, North Carolina",636,125,577,108,25,35,27,36,7,14
0500000US37153,37153,"Richmond County, North Carolina",818,194,666,191,81,69,71,60,0,24
0500000US37155,37155,"Robeson County, North Carolina",51518,565,48220,663,2734,518,473,162,91,88
0500000US37163,37163,"Sampson County, North Carolina",1180,284,1090,280,71,55,19,27,0,27
0500000US37165,37165,"Scotland County, North Carolina",3846,204,3494,208,207,98,131,82,14,28
0500000US37173,37173,"Swain County, North Carolina",4011,284,3730,268,233,106,35,39,13,20
0500000US37183,37183,"Wake County, North Carolina",3715,515,2570,417,680,280,348,180,117,76
0500000US37185,37185,"Warren County, North Carolina",1021,55,949,60,46,32,26,26,0,21
0500000US38005,38005,"Benson County, North Dakota",3788,132,3458,102,145,51,149,89,36,26
0500000US38015,38015,"Burleigh County, North Dakota",3457,469,2830,453,193,92,392,158,42,24
0500000US38017,38017,"Cass County, North Dakota",1568,289,1125,263,143,116,102,67,198,123
0500000US38025,38025,"Dunn County, North Dakota",394,40,363,39,9,8,22,24,0,11
0500000US38035,38035,"Grand Forks County, North Dakota",1722,248,1202,254,283,210,156,81,81,78
0500000US38053,38053,"McKenzie County, North Dakota",1568,223,1318,157,119,119,119,91,12,16
0500000US38055,38055,"McLean County, North Dakota",640,81,561,73,34,26,45,38,0,16
0500000US38057,38057,"Mercer County, North Dakota",225,83,215,87,4,9,6,9,0,16
0500000US38059,38059,"Morton County, North Dakota",1080,217,863,206,51,69,166,100,0,24
0500000US38061,38061,"Mountrail County, North Dakota",2590,195,2262,160,112,53,91,90,125,128
0500000US38071,38071,"Ramsey County, North Dakota",1022,192,873,242,94,104,49,28,6,11
0500000US38077,38077,"Richland County, North Dakota",286,78,243,78,30,27,9,11,4,6
0500000US38079,38079,"Rolette County, North Dakota",11443,321,10366,321,687,247,176,83,214,243
0500000US38085,38085,"Sioux County, North Dakota",3805,218,3317,91,187,63,227,216,74,75
0500000US38087,38087,"Slope County, North Dakota",0,11,0,11,0,11,0,11,0,11
0500000US38091,38091,"Steele County, North Dakota",0,11,0,11,0,11,0,11,0,11
0500000US38101,38101,"Ward County, North Dakota",1451,248,1204,265,114,110,121,97,12,12
0500000US38105,38105,"Williams County, North Dakota",881,205,755,196,58,40,68,50,0,24
0500000US39035,39035,"Cuyahoga County, Ohio",3163,553,2431,446,603,278,90,74,39,31
0500000US39047,39047,"Fayette County, Ohio",0,21,0,21,0,21,0,21,0,21
0500000US39049,39049,"Franklin County, Ohio",2126,441,1794,395,99,65,57,32,176,120
0500000US39061,39061,"Hamilton County, Ohio",1044,262,719,175,217,175,38,47,70,61
0500000US39079,39079,"Jackson County, Ohio",0,24,0,24,0,24,0,24,0,24
0500000US39093,39093,"Lorain County, Ohio",861,222,797,217,51,39,13,14,0,27
0500000US39095,39095,"Lucas County, Ohio",1045,213,709,165,228,114,43,35,65,76
0500000US39099,39099,"Mahoning County, Ohio",676,206,500,149,105,83,0,27,71,101
0500000US39113,39113,"Montgomery County, Ohio",1277,325,1021,316,164,97,55,40,37,37
0500000US39153,39153,"Summit County, Ohio",1140,256,979,225,95,74,64,42,2,3
0500000US39175,39175,"Wyandot County, Ohio",0,21,0,21,0,21,0,21,0,21
0500000US40001,40001,"Adair County, Oklahoma",9542,306,8917,335,332,109,243,101,50,38
0500000US40005,40005,"Atoka County, Oklahoma",1468,139,1294,130,118,46,56,33,0,18
0500000US40009,40009,"Beckham County, Oklahoma",356,151,270,143,0,21,76,41,10,12
0500000US40011,40011,"Blaine County, Oklahoma",680,118,606,103,27,24,47,53,0,16
0500000US40013,40013,"Bryan County, Oklahoma",6674,320,5547,317,912,155,192,70,23,22
0500000US40015,40015,"Caddo County, Oklahoma",7382,379,6184,397,626,217,510,254,62,42
0500000US40017,40017,"Canadian County, Oklahoma",5111,542,4539,539,210,100,220,103,142,79
0500000US40019,40019,"Carter County, Oklahoma",3688,353,3032,327,386,117,161,74,109,75
0500000US40021,40021,"Cherokee County, Oklahoma",16305,661,14286,729,1564,404,388,100,67,57
0500000US40023,40023,"Choctaw County, Oklahoma",2252,184,1986,180,224,85,42,29,0,18
0500000US40027,40027,"Cleveland County, Oklahoma",9705,624,7923,613,846,298,770,203,166,163
0500000US40029,40029,"Coal County, Oklahoma",722,94,644,87,47,23,31,34,0,16
0500000US40031,40031,"Comanche County, Oklahoma",6534,575,4785,521,1273,373,368,193,108,35
0500000US40033,40033,"Cotton County, Oklahoma",547,113,479,98,23,19,45,42,0,16
0500000US40035,40035,"Craig County, Oklahoma",2922,183,2722,175,98,65,92,42,10,14
0500000US40037,40037,"Creek County, Oklahoma",8497,386,7694,377,308,127,440,150,55,40
0500000US40039,40039,"Custer County, Oklahoma",702,216,483,194,92,68,118,70,9,16
0500000US40041,40041,"Delaware County, Oklahoma",8768,476,7836,482,533,124,338,130,61,43
0500000US40047,40047,"Garfield County, Oklahoma",1166,253,918,216,180,120,60,37,8,17
0500000US40049,40049,"Garvin County, Oklahoma",1574,242,1319,160,59,61,171,147,25,30
0500000US40051,40051,"Grady County, Oklahoma",2985,334,2678,307,29,23,218,108,60,78
0500000US40061,40061,"Haskell County, Oklahoma",1837,162,1568,158,136,59,80,44,53,57
0500000US40063,40063,"Hughes County, Oklahoma",2705,150,2462,153,102,51,141,56,0,18
0500000US40065,40065,"Jackson County, Oklahoma",612,138,422,101,55,43,33,26,102,89
0500000US40067,40067,"Jefferson County, Oklahoma",415,61,340,54,47,52,28,24,0,16
0500000US40069,40069,"Johnston County, Oklahoma",658,104,600,101,18,15,40,29,0,18
0500000US40071,40071,"Kay County, Oklahoma",3567,266,2783,228,554,144,161,81,69,56
0500000US40075,40075,"Kiowa County, Oklahoma",406,111,365,109,16,18,25,23,0,16
0500000US40077,40077,"Latimer County, Oklahoma",2097,152,1841,149,189,68,37,24,30,33
0500000US40079,40079,"Le Flore County, Oklahoma",5272,334,4311,248,570,163,197,82,194,235
0500000US40081,40081,"Lincoln County, Oklahoma",2784,185,2539,185,94,64,134,64,17,33
0500000US40083,40083,"Logan County, Oklahoma",1425,358,1196,295,60,67,169,144,0,24
0500000US40085,40085,"Love County, Oklahoma",631,104,590,105,24,21,17,23,0,16
0500000US40087,40087,"McClain County, Oklahoma",2327,447,1758,204,220,172,115,76,234,283
0500000US40089,40089,"McCurtain County, Oklahoma",4397,297,4074,297,216,89,97,50,10,15
0500000US40091,40091,"McIntosh County, Oklahoma",3163,258,3001,268,127,83,35,26,0,18
0500000US40095,40095,"Marshall County, Oklahoma",1334,179,1105,163,63,35,166,90,0,18
0500000US40097,40097,"Mayes County, Oklahoma",5920,438,5225,440,380,115,294,103,21,23
0500000US40099,40099,"Murray County, Oklahoma",1215,185,903,188,201,86,100,64,11,14
0500000US40101,40101,"Muskogee County, Oklahoma",12151,497,9710,535,1796,322,494,121,151,80
0500000US40103,40103,"Noble County, Oklahoma",847,117,764,114,63,34,20,18,0,18
0500000US40105,40105,"Nowata County, Oklahoma",1758,156,1488,144,170,95,93,51,7,11
0500000US40107,40107,"Okfuskee County, Oklahoma",1678,186,1468,154,76,42,134,81,0,18
0500000US40109,40109,"Oklahoma County, Oklahoma",21558,1059,16484,860,3158,545,1535,355,381,177
0500000US40111,40111,"Okmulgee County, Oklahoma",5246,337,4261,341,653,226,321,107,11,21
0500000US40113,40113,"Osage County, Oklahoma",6354,397,5497,343,406,186,448,178,3,8
0500000US40115,40115,"Ottawa County, Oklahoma",4822,212,4056,184,437,93,178,73,151,111
0500000US40117,40117,"Pawnee County, Oklahoma",2166,213,1747,152,184,69,228,152,7,13
0500000US40119,40119,"Payne County, Oklahoma",3673,384,2841,361,545,228,259,93,28,28
0500000US40121,40121,"Pittsburg County, Oklahoma",3186,297,2714,287,270,86,184,83,18,25
0500000US40123,40123,"Pontotoc County, Oklahoma",3375,301,2708,279,441,122,194,56,32,29
0500000US40125,40125,"Pottawatomie County, Oklahoma",10247,489,8781,357,864,180,342,133,260,251
0500000US40127,40127,"Pushmataha County, Oklahoma",1490,155,1331,145,118,48,34,22,7,10
0500000US40131,40131,"Rogers County, Oklahoma",10681,551,9085,435,693,134,842,202,61,61
0500000US40133,40133,"Seminole County, Oklahoma",4637,217,4101,206,396,120,140,69,0,21
0500000US40135,40135,"Sequoyah County, Oklahoma",7787,426,6616,398,887,200,219,82,65,63
0500000US40137,40137,"Stephens County, Oklahoma",2273,227,1882,232,287,110,88,46,16,29
0500000US40143,40143,"Tulsa County, Oklahoma",29252,1137,23245,913,3933,423,1456,231,618,492
0500000US40145,40145,"Wagoner County, Oklahoma",6586,575,5342,304,513,160,451,147,280,389
0500000US40147,40147,"Washington County, Oklahoma",5362,383,4404,389,483,166,458,201,17,21
0500000US41005,41005,"Clackamas County, Oregon",2768,532,2411,536,83,52,193,84,81,53
0500000US41011,41011,"Coos County, Oregon",1308,302,1085,276,200,133,18,21,5,9
0500000US41017,41017,"Deschutes County, Oregon",1052,423,707,241,10,18,119,93,216,302
0500000US41019,41019,"Douglas County, Oregon",1452,347,1041,238,201,127,192,187,18,26
0500000US41025,41025,"Harney County, Oregon",206,81,185,78,7,9,14,16,0,16
0500000US41029,41029,"Jackson County, Oregon",1751,421,1363,404,227,120,143,122,18,16
0500000US41031,41031,"Jefferson County, Oregon",4055,379,3201,265,466,148,233,148,155,221
0500000US41035,41035,"Klamath County, Oregon",2294,306,1781,285,350,206,56,47,107,97
0500000US41039,41039,"Lane County, Oregon",3644,492,2779,418,537,243,249,253,79,44
0500000US41041,41041,"Lincoln County, Oregon",1438,178,1274,172,141,74,23,24,0,24
0500000US41043,41043,"Linn County, Oregon",1226,265,1027,247,162,119,31,34,6,8
0500000US41047,41047,"Marion County, Oregon",2670,624,2168,580,334,196,117,78,51,40
0500000US41051,41051,"Multnomah County, Oregon",6583,817,5288,757,753,237,361,153,181,75
0500000US41053,41053,"Polk County, Oregon",1309,256,896,164,239,184,138,103,36,47
0500000US41059,41059,"Umatilla County, Oregon",2255,364,1873,357,301,93,76,42,5,7
0500000US41065,41065,"Wasco County, Oregon",871,94,774,110,78,63,16,27,3,8
0500000US41067,41067,"Washington County, Oregon",3607,704,2806,649,258,119,274,142,269,208
0500000US41071,41071,"Yamhill County, Oregon",1203,349,1024,332,72,64,46,29,61,53
0500000US42003,42003,"Allegheny County, Pennsylvania",1208,213,939,187,178,85,66,67,25,25
0500000US42011,42011,"Berks County, Pennsylvania",3611,850,3107,820,414,276,25,39,65,68
0500000US42017,42017,"Bucks County, Pennsylvania",1035,304,995,296,30,29,10,19,0,27
0500000US42029,42029,"Chester County, Pennsylvania",674,249,572,230,66,61,14,28,22,37
0500000US42043,42043,"Dauphin County, Pennsylvania",563,180,445,157,14,15,61,48,43,41
0500000US42045,42045,"Delaware County, Pennsylvania",719,215,629,212,33,27,52,39,5,9
0500000US42049,42049,"Erie County, Pennsylvania",718,136,597,127,72,47,9,16,40,35
0500000US42071,42071,"Lancaster County, Pennsylvania",823,218,629,222,135,80,32,32,27,29
0500000US42077,42077,"Lehigh County, Pennsylvania",854,294,697,281,66,53,88,96,3,8
0500000US42079,42079,"Luzerne County, Pennsylvania",755,268,687,266,34,24,34,34,0,27
0500000US42091,42091,"Montgomery County, Pennsylvania",849,186,726,168,49,38,52,50,22,31
0500000US42095,42095,"Northampton County, Pennsylvania",967,390,874,386,34,45,22,29,37,45
0500000US42101,42101,"Philadelphia County, Pennsylvania",5827,845,4859,789,580,235,157,99,231,132
0500000US44007,44007,"Providence County, Rhode Island",3662,571,2650,675,859,418,52,66,101,75
0500000US45015,45015,"Berkeley County, South Carolina",732,225,635,217,14,24,37,41,46,46
0500000US45019,45019,"Charleston County, South Carolina",556,152,431,132,91,63,3,6,31,43
0500000US45033,45033,"Dillon County, South Carolina",695,196,658,190,6,6,31,45,0,24
0500000US45035,45035,"Dorchester County, South Carolina",827,224,622,185,76,82,129,146,0,27
0500000US45045,45045,"Greenville County, South Carolina",1304,413,1224,406,51,38,12,21,17,32
0500000US45051,45051,"Horry County, South Carolina",1476,322,1250,280,24,38,27,40,175,136
0500000US45063,45063,"Lexington County, South Carolina",795,192,670,158,71,63,44,49,10,17
0500000US45069,45069,"Marlboro County, South Carolina",930,173,846,128,7,7,0,21,77,89
0500000US45075,45075,"Orangeburg County, South Carolina",307,116,295,116,6,11,6,13,0,27
0500000US45091,45091,"York County, South Carolina",1501,220,1429,212,72,45,0,27,0,27
0500000US46007,46007,"Bennett County, South Dakota",1674,226,1445,201,88,83,141,126,0,11
0500000US46009,46009,"Bon Homme County, South Dakota",326,83,236,61,0,16,75,52,15,25
0500000US46013,46013,"Brown County, South Dakota",1117,303,594,223,446,288,48,34,29,39
0500000US46015,46015,"Brule County, South Dakota",425,94,314,68,91,93,20,20,0,16
0500000US46017,46017,"Buffalo County, South Dakota",1759,163,1598,87,51,33,109,153,1,3
0500000US46023,46023,"Charles Mix County, South Dakota",2940,141,2600,122,183,66,144,82,13,14
0500000US46029,46029,"Codington County, South Dakota",544,146,383,145,98,60,60,34,3,6
0500000US46031,46031,"Corson County, South Dakota",2895,124,2663,53,62,36,82,60,88,100
0500000US46037,46037,"Day County, South Dakota",460,82,381,74,51,31,28,30,0,16
0500000US46041,46041,"Dewey County, South Dakota",4459,124,4126,123,130,94,184,112,19,18
0500000US46053,46053,"Gregory County, South Dakota",321,52,275,42,9,12,19,20,18,22
0500000US46059,46059,"Hand County, South Dakota",0,11,0,11,0,11,0,11,0,11
0500000US46065,46065,"Hughes County, South Dakota",1766,332,1233,209,153,116,173,89,207,190
0500000US46071,46071,"Jackson County, South Dakota",1682,159,1557,157,64,70,10,12,51,59
0500000US46081,46081,"Lawrence County, South Dakota",531,130,293,99,154,99,56,51,28,35
0500000US46085,46085,"Lyman County, South Dakota",1534,71,1400,68,75,32,57,49,2,4
0500000US46091,46091,"Marshall County, South Dakota",395,115,255,74,0,11,126,77,14,16
0500000US46093,46093,"Meade County, South Dakota",638,203,496,189,48,53,42,42,52,65
0500000US46095,46095,"Mellette County, South Dakota",1174,94,1070,81,41,30,46,52,17,28
0500000US46099,46099,"Minnehaha County, South Dakota",4363,402,2566,410,1108,363,507,213,182,116
0500000US46101,46101,"Moody County, South Dakota",639,93,532,81,85,36,22,22,0,16
0500000US46102,46102,"Oglala Lakota County, South Dakota",13983,344,12579,254,233,135,932,268,239,146
0500000US46103,46103,"Pennington County, South Dakota",9108,738,6904,703,1110,362,776,230,318,180
0500000US46109,46109,"Roberts County, South Dakota",3779,178,2995,255,484,157,269,102,31,24
0500000US46121,46121,"Todd County, South Dakota",7805,316,7106,333,351,133,202,154,146,119
0500000US46123,46123,"Tripp County, South Dakota",804,144,702,125,11,17,91,49,0,16
0500000US46137,46137,"Ziebach County, South Dakota",2278,159,2008,53,25,23,124,103,121,107
0500000US47037,47037,"Davidson County, Tennessee",1969,376,1646,409,139,77,69,68,115,80
0500000US47039,47039,"Decatur County, Tennessee",0,18,0,18,0,18,0,18,0,18
0500000US47075,47075,"Haywood County, Tennessee",0,18,0,18,0,18,0,18,0,18
0500000US47087,47087,"Jackson County, Tennessee",0,18,0,18,0,18,0,18,0,18
0500000US47093,47093,"Knox County, Tennessee",1420,353,1200,334,45,53,65,62,110,94
0500000US47101,47101,"Lewis County, Tennessee",0,18,0,18,0,18,0,18,0,18
0500000US47125,47125,"Montgomery County, Tennessee",1026,235,699,172,172,111,12,20,143,138
0500000US47133,47133,"Overton County, Tennessee",0,21,0,21,0,21,0,21,0,21
0500000US47137,47137,"Pickett County, Tennessee",0,16,0,16,0,16,0,16,0,16
0500000US47157,47157,"Shelby County, Tennessee",1550,423,1350,423,123,122,14,20,63,55
0500000US47169,47169,"Trousdale County, Tennessee",0,16,0,16,0,16,0,16,0,16
0500000US47175,47175,"Van Buren County, Tennessee",0,16,0,16,0,16,0,16,0,16
0500000US48023,48023,"Baylor County, Texas",0,11,0,11,0,11,0,11,0,11
0500000US48027,48027,"Bell County, Texas",2242,619,1937,610,125,105,75,69,105,65
0500000US48029,48029,"Bexar County, Texas",11771,1423,9399,1249,1945,645,279,158,148,71
0500000US48033,48033,"Borden County, Texas",0,11,0,11,0,11,0,11,0,11
0500000US48037,48037,"Bowie County, Texas",732,151,677,142,31,28,0,27,24,28
0500000US48039,48039,"Brazoria County, Texas",1641,602,1466,571,68,70,107,96,0,27
0500000US48045,48045,"Briscoe County, Texas",0,11,0,11,0,11,0,11,0,11
0500000US48061,48061,"Cameron County, Texas",1036,256,935,239,40,45,16,19,45,38
0500000US48085,48085,"Collin County, Texas",3944,526,3247,494,346,157,171,111,180,106
0500000US48099,48099,"Coryell County, Texas",615,222,462,209,57,55,96,74,0,27
0500000US48105,48105,"Crockett County, Texas",0,11,0,11,0,11,0,11,0,11
0500000US48109,48109,"Culberson County, Texas",0,11,0,11,0,11,0,11,0,11
0500000US48113,48113,"Dallas County, Texas",8635,958,6971,826,821,283,585,260,258,92
0500000US48121,48121,"Denton County, Texas",3183,500,2804,492,145,75,197,88,37,37
0500000US48135,48135,"Ector County, Texas",792,271,634,242,81,73,71,94,6,8
0500000US48137,48137,"Edwards County, Texas",0,11,0,11,0,11,0,11,0,11
0500000US48139,48139,"Ellis County, Texas",1643,630,1444,529,195,139,4,10,0,27
0500000US48141,48141,"El Paso County, Texas",5464,857,4742,776,457,175,67,51,198,146
0500000US48155,48155,"Foard County, Texas",0,11,0,11,0,11,0,11,0,11
0500000US48157,48157,"Fort Bend County, Texas",2029,587,1870,570,0,27,125,98,34,56
0500000US48167,48167,"Galveston County, Texas",1490,479,1324,451,51,40,58,56,57,66
0500000US48173,48173,"Glasscock County, Texas",0,11,0,11,0,11,0,11,0,11
0500000US48181,48181,"Grayson County, Texas",1712,231,1335,211,181,98,26,29,170,89
0500000US48197,48197,"Hardeman County, Texas",0,11,0,11,0,11,0,11,0,11
0500000US48201,48201,"Harris County, Texas",19144,1738,15994,1711,2119,727,593,312,438,191
0500000US48213,48213,"Henderson County, Texas",690,167,644,170,22,25,19,22,5,7
0500000US48215,48215,"Hidalgo County, Texas",1687,406,1417,379,198,179,48,44,24,36
0500000US48229,48229,"Hudspeth County, Texas",0,11,0,11,0,11,0,11,0,11
0500000US48231,48231,"Hunt County, Texas",781,203,436,178,244,226,23,24,78,83
0500000US48239,48239,"Jackson County, Texas",0,18,0,18,0,18,0,18,0,18
0500000US48245,48245,"Jefferson County, Texas",882,273,702,261,81,103,82,76,17,22
0500000US48251,48251,"Johnson County, Texas",935,280,772,287,112,83,51,50,0,27
0500000US48261,48261,"Kenedy County, Texas",0,11,0,11,0,11,0,11,0,11
0500000US48269,48269,"King County, Texas",0,11,0,11,0,11,0,11,0,11
0500000US48283,48283,"La Salle County, Texas",0,16,0,16,0,16,0,16,0,16
0500000US48287,48287,"Lee County, Texas",0,18,0,18,0,18,0,18,0,18
0500000US48303,48303,"Lubbock County, Texas",3012,772,1842,566,743,358,81,81,346,296
0500000US48309,48309,"McLennan County, Texas",1088,380,837,309,241,225,8,11,2,4
0500000US48323,48323,"Maverick County, Texas",762,253,653,210,59,45,0,27,50,79
0500000US48333,48333,"Mills County, Texas",0,11,0,11,0,11,0,11,0,11
0500000US48339,48339,"Montgomery County, Texas",1887,555,1611,504,43,46,197,200,36,54
0500000US48345,48345,"Motley County, Texas",0,11,0,11,0,11,0,11,0,11
0500000US48349,48349,"Navarro County, Texas",889,420,889,420,0,24,0,24,0,24
0500000US48355,48355,"Nueces County, Texas",1545,355,1273,327,205,111,21,19,46,38
0500000US48367,48367,"Parker County, Texas",879,280,718,252,50,64,66,45,45,60
0500000US48373,48373,"Polk County, Texas",701,112,655,104,19,22,0,24,27,36
0500000US48375,48375,"Potter County, Texas",576,170,367,123,33,35,103,97,73,64
0500000US48381,48381,"Randall County, Texas",656,160,558,164,78,81,15,15,5,8
0500000US48383,48383,"Reagan County, Texas",0,11,0,11,0,11,0,11,0,11
0500000US48393,48393,"Roberts County, Texas",0,11,0,11,0,11,0,11,0,11
0500000US48411,48411,"San Saba County, Texas",0,16,0,16,0,16,0,16,0,16
0500000US48413,48413,"Schleicher County, Texas",0,11,0,11,0,11,0,11,0,11
0500000US48423,48423,"Smith County, Texas",737,179,633,155,29,26,71,82,4,8
0500000US48431,48431,"Sterling County, Texas",0,11,0,11,0,11,0,11,0,11
0500000US48433,48433,"Stonewall County, Texas",0,11,0,11,0,11,0,11,0,11
0500000US48439,48439,"Tarrant County, Texas",9175,1077,7122,1006,1363,507,286,133,404,236
0500000US48441,48441,"Taylor County, Texas",1078,278,810,220,246,148,11,21,11,14
0500000US48447,48447,"Throckmorton County, Texas",0,11,0,11,0,11,0,11,0,11
0500000US48453,48453,"Travis County, Texas",5520,953,4487,840,538,258,322,175,173,110
0500000US48479,48479,"Webb County, Texas",686,279,485,200,52,59,125,149,24,36
0500000US48485,48485,"Wichita County, Texas",1317,309,1025,287,189,97,35,38,68,66
0500000US48491,48491,"Williamson County, Texas",1610,406,1132,293,173,124,290,218,15,15
0500000US48505,48505,"Zapata County, Texas",0,18,0,18,0,18,0,18,0,18
0500000US49005,49005,"Cache County, Utah",577,176,434,125,39,44,44,48,60,91
0500000US49011,49011,"Davis County, Utah",1306,320,958,234,172,169,93,98,83,104
0500000US49013,49013,"Duchesne County, Utah",856,124,752,103,36,30,50,52,18,30
0500000US49021,49021,"Iron County, Utah",1383,144,1136,125,111,82,25,24,111,102
0500000US49023,49023,"Juab County, Utah",85,25,75,27,10,12,0,18,0,18
0500000US49035,49035,"Salt Lake County, Utah",8266,799,6797,755,972,216,244,123,253,109
0500000US49037,49037,"San Juan County, Utah",7728,368,7066,150,35,28,412,304,215,149
0500000US49045,49045,"Tooele County, Utah",305,187,220,157,40,56,16,20,29,28
0500000US49047,49047,"Uintah County, Utah",2717,159,2495,168,159,75,58,41,5,7
0500000US49049,49049,"Utah County, Utah",2665,378,2414,376,184,100,44,50,23,35
0500000US49053,49053,"Washington County, Utah",2108,512,1744,501,268,245,7,15,89,106
0500000US49057,49057,"Weber County, Utah",1456,324,1302,323,124,86,30,25,0,27
0500000US51017,51017,"Bath County, Virginia",0,11,0,11,0,11,0,11,0,11
0500000US51021,51021,"Bland County, Virginia",0,16,0,16,0,16,0,16,0,16
0500000US51036,51036,"Charles City County, Virginia",458,25,456,26,2,3,0,16,0,16
0500000US51041,51041,"Chesterfield County, Virginia",758,199,591,161,164,166,3,8,0,27
0500000US51045,51045,"Craig County, Virginia",0,16,0,16,0,16,0,16,0,16
0500000US51051,51051,"Dickenson County, Virginia",0,18,0,18,0,18,0,18,0,18
0500000US51053,51053,"Dinwiddie County, Virginia",0,21,0,21,0,21,0,21,0,21
0500000US51059,51059,"Fairfax County, Virginia",2680,415,1983,377,220,102,74,61,403,217
0500000US51101,51101,"King William County, Virginia",125,51,120,50,2,3,3,5,0,18
0500000US51103,51103,"Lancaster County, Virginia",0,18,0,18,0,18,0,18,0,18
0500000US51107,51107,"Loudoun County, Virginia",937,157,874,155,58,50,0,27,5,10
0500000US51153,51153,"Prince William County, Virginia",1600,427,1413,387,80,69,95,80,12,13
0500000US51520,51520,"Bristol city, Virginia",0,18,0,18,0,18,0,18,0,18
0500000US51530,51530,"Buena Vista city, Virginia",0,16,0,16,0,16,0,16,0,16
0500000US51580,51580,"Covington city, Virginia",0,16,0,16,0,16,0,16,0,16
0500000US51678,51678,"Lexington city, Virginia",0,16,0,16,0,16,0,16,0,16
0500000US51710,51710,"Norfolk city, Virginia",909,206,721,179,128,77,57,46,3,7
0500000US51750,51750,"Radford city, Virginia",0,18,0,18,0,18,0,18,0,18
0500000US51760,51760,"Richmond city, Virginia",821,435,621,425,144,86,17,28,39,33
0500000US51810,51810,"Virginia Beach city, Virginia",1221,308,937,254,54,43,54,55,176,143
0500000US53005,53005,"Benton County, Washington",1546,337,1128,288,221,127,174,87,23,34
0500000US53009,53009,"Clallam County, Washington",3366,246,2923,252,381,126,10,16,52,83
0500000US53011,53011,"Clark County, Washington",2734,359,2136,321,336,160,75,44,187,107
0500000US53015,53015,"Cowlitz County, Washington",1249,296,991,270,165,108,17,18,76,55
0500000US53019,53019,"Ferry County, Washington",1096,127,905,100,91,38,63,56,37,45
0500000US53021,53021,"Franklin County, Washington",560,248,538,247,0,27,16,23,6,8
0500000US53025,53025,"Grant County, Washington",1104,270,851,239,71,73,142,107,40,49
0500000US53027,53027,"Grays Harbor County, Washington",3371,244,2954,243,251,104,146,64,20,22
0500000US53029,53029,"Island County, Washington",840,156,794,148,17,25,4,6,25,50
0500000US53031,53031,"Jefferson County, Washington",565,146,526,137,2,6,26,29,11,13
0500000US53033,53033,"King County, Washington",13914,1020,10976,852,1959,437,572,278,407,180
0500000US53035,53035,"Kitsap County, Washington",2784,367,2351,306,284,181,82,63,67,53
0500000US53039,53039,"Klickitat County, Washington",669,133,645,124,0,21,3,3,21,46
0500000US53041,53041,"Lewis County, Washington",474,147,411,137,26,29,26,30,11,17
0500000US53045,53045,"Mason County, Washington",1833,282,1512,275,199,95,122,76,0,27
0500000US53047,53047,"Okanogan County, Washington",3978,347,3577,316,323,139,59,35,19,24
0500000US53049,53049,"Pacific County, Washington",324,140,286,138,1,2,34,29,3,6
0500000US53051,53051,"Pend Oreille County, Washington",521,82,477,68,1,2,0,18,43,53
0500000US53053,53053,"Pierce County, Washington",10000,882,8306,787,1036,380,289,100,369,160
0500000US53057,53057,"Skagit County, Washington",2087,272,1627,213,227,134,230,129,3,7
0500000US53061,53061,"Snohomish County, Washington",7236,660,5559,563,966,243,327,121,384,263
0500000US53063,53063,"Spokane County, Washington",6094,619,5177,607,633,204,241,99,43,32
0500000US53065,53065,"Stevens County, Washington",2133,182,1785,176,141,84,123,113,84,76
0500000US53067,53067,"Thurston County, Washington",3997,539,3465,478,238,96,75,52,219,206
0500000US53071,53071,"Walla Walla County, Washington",613,231,484,231,68,92,18,19,43,41
0500000US53073,53073,"Whatcom County, Washington",6702,510,5707,517,727,207,242,155,26,20
0500000US53077,53077,"Yakima County, Washington",9999,505,8879,525,850,264,215,109,55,32
0500000US54025,54025,"Greenbrier County, West Virginia",0,24,0,24,0,24,0,24,0,24
0500000US54071,54071,"Pendleton County, West Virginia",0,16,0,16,0,16,0,16,0,16
0500000US54073,54073,"Pleasants County, West Virginia",0,16,0,16,0,16,0,16,0,16
0500000US54085,54085,"Ritchie County, West Virginia",0,18,0,18,0,18,0,18,0,18
0500000US54091,54091,"Taylor County, West Virginia",0,18,0,18,0,18,0,18,0,18
0500000US54101,54101,"Webster County, West Virginia",0,16,0,16,0,16,0,16,0,16
0500000US55003,55003,"Ashland County, Wisconsin",1691,139,1473,153,203,80,15,12,0,18
0500000US55005,55005,"Barron County, Wisconsin",317,62,279,55,33,25,5,7,0,24
0500000US55007,55007,"Bayfield County, Wisconsin",1515,94,1353,83,90,39,44,34,28,42
0500000US55009,55009,"Brown County, Wisconsin",5873,429,4701,438,1049,249,87,46,36,37
0500000US55013,55013,"Burnett County, Wisconsin",627,70,550,67,46,30,31,27,0,18
0500000US55025,55025,"Dane County, Wisconsin",1670,353,1053,244,167,87,256,149,194,197
0500000US55027,55027,"Dodge County, Wisconsin",566,197,378,172,89,97,84,47,15,17
0500000US55031,55031,"Douglas County, Wisconsin",711,127,591,125,83,70,16,13,21,21
0500000US55039,55039,"Fond du Lac County, Wisconsin",567,146,427,102,26,23,89,101,25,38
0500000US55041,55041,"Forest County, Wisconsin",1324,124,1149,106,100,43,75,44,0,16
0500000US55053,55053,"Jackson County, Wisconsin",1097,103,961,105,112,68,24,28,0,21
0500000US55057,55057,"Juneau County, Wisconsin",393,50,368,44,0,21,25,23,0,21
0500000US55059,55059,"Kenosha County, Wisconsin",593,160,507,145,30,34,21,23,35,36
0500000US55071,55071,"Manitowoc County, Wisconsin",360,94,305,91,34,30,21,21,0,27
0500000US55073,55073,"Marathon County, Wisconsin",564,152,274,87,140,70,76,58,74,74
0500000US55078,55078,"Menominee County, Wisconsin",3917,170,3345,204,409,193,163,96,0,11
0500000US55079,55079,"Milwaukee County, Wisconsin",5375,505,4334,380,680,190,159,60,202,234
0500000US55081,55081,"Monroe County, Wisconsin",482,106,338,76,71,53,44,36,29,29
0500000US55083,55083,"Oconto County, Wisconsin",306,72,273,70,5,6,22,21,6,9
0500000US55087,55087,"Outagamie County, Wisconsin",2999,209,2830,217,73,52,71,45,25,36
0500000US55095,55095,"Polk County, Wisconsin",475,70,442,61,13,13,12,15,8,13
0500000US55101,55101,"Racine County, Wisconsin",1021,264,926,258,38,38,44,32,13,20
0500000US55111,55111,"Sauk County, Wisconsin",664,124,624,126,21,17,19,15,0,27
0500000US55113,55113,"Sawyer County, Wisconsin",2839,114,2435,142,324,120,62,37,18,16
0500000US55115,55115,"Shawano County, Wisconsin",3013,201,2604,176,198,71,194,108,17,25
0500000US55125,55125,"Vilas County, Wisconsin",1945,204,1809,218,72,45,57,36,7,12
0500000US55133,55133,"Waukesha County, Wisconsin",810,191,792,189,10,15,8,13,0,27
0500000US55139,55139,"Winnebago County, Wisconsin",942,167,807,170,71,65,50,35,14,13
0500000US55141,55141,"Wood County, Wisconsin",425,78,307,60,73,51,28,27,17,20
0500000US56013,56013,"Fremont County, Wyoming",8292,366,7203,327,844,206,155,135,90,75
0500000US56031,56031,"Platte County, Wyoming",0,16,0,16,0,16,0,16,0,16
