GEO.id,GEO.id2,GEO.display-label,HD01_VD01,HD02_VD01,HD01_VD02,HD02_VD02,HD01_VD03,HD02_VD03,HD01_VD04,HD02_VD04,HD01_VD05,HD02_VD05
Id,Id2,Geography,Estimate; Total:,Margin of Error; Total:,Estimate; Family households:,Margin of Error; Family households:,Estimate; Family households: - Married-couple family,Margin of Error; Family households: - Married-couple family,Estimate; Family households: - Other family,Margin of Error; Family households: - Other family,Estimate; Nonfamily households,Margin of Error; Nonfamily households
0500000US01003,01003,"Baldwin County, Alabama",430,172,297,132,145,105,152,104,133,102
0500000US01031,01031,"Coffee County, Alabama",132,56,84,42,84,42,0,158,48,43
0500000US01049,01049,"DeKalb County, Alabama",308,129,239,112,217,104,22,25,69,59
0500000US01053,01053,"Escambia County, Alabama",730,145,506,114,333,104,173,125,224,135
0500000US01069,01069,"Houston County, Alabama",147,47,109,45,64,31,45,35,38,20
0500000US01071,01071,"Jackson County, Alabama",300,101,159,79,75,55,84,59,141,72
0500000US01073,01073,"Jefferson County, Alabama",580,205,364,171,185,109,179,135,216,131
0500000US01079,01079,"Lawrence County, Alabama",682,167,586,165,450,157,136,118,96,77
0500000US01081,01081,"Lee County, Alabama",170,82,109,68,60,47,49,50,61,47
0500000US01089,01089,"Madison County, Alabama",546,135,403,108,347,105,56,43,143,81
0500000US01097,01097,"Mobile County, Alabama",924,186,719,160,549,181,170,104,205,92
0500000US01103,01103,"Morgan County, Alabama",425,114,329,111,199,81,130,102,96,84
0500000US01125,01125,"Tuscaloosa County, Alabama",229,113,139,83,139,83,0,158,90,70
0500000US02020,02020,"Anchorage Municipality, Alaska",5172,509,3557,500,1612,340,1945,431,1615,295
0500000US02090,02090,"Fairbanks North Star Borough, Alaska",1780,379,1178,307,535,177,643,285,602,204
0500000US02110,02110,"Juneau City and Borough, Alaska",1246,217,809,197,480,130,329,169,437,153
0500000US02122,02122,"Kenai Peninsula Borough, Alaska",1124,220,738,181,376,111,362,146,386,146
0500000US02170,02170,"Matanuska-Susitna Borough, Alaska",635,157,454,133,336,115,118,61,181,79
0500000US04001,04001,"Apache County, Arizona",12139,764,8642,704,4239,396,4403,507,3497,373
0500000US04003,04003,"Cochise County, Arizona",558,209,427,179,225,129,202,116,131,90
0500000US04005,04005,"Coconino County, Arizona",9347,635,7369,519,3854,423,3515,568,1978,381
0500000US04007,04007,"Gila County, Arizona",1331,331,995,265,534,224,461,165,336,161
0500000US04009,04009,"Graham County, Arizona",1551,257,1062,178,515,158,547,162,489,200
0500000US04012,04012,"La Paz County, Arizona",1012,182,731,162,290,117,441,123,281,109
0500000US04013,04013,"Maricopa County, Arizona",19340,935,12926,750,5384,627,7542,679,6414,853
0500000US04015,04015,"Mohave County, Arizona",1026,261,836,238,492,169,344,155,190,89
0500000US04017,04017,"Navajo County, Arizona",12412,702,9970,700,5175,474,4795,525,2442,385
0500000US04019,04019,"Pima County, Arizona",8705,645,6191,567,2610,406,3581,438,2514,377
0500000US04021,04021,"Pinal County, Arizona",4150,501,3202,483,985,287,2217,471,948,353
0500000US04025,04025,"Yavapai County, Arizona",1358,308,593,171,226,101,367,144,765,288
0500000US04027,04027,"Yuma County, Arizona",768,170,613,167,338,148,275,114,155,85
0500000US05007,05007,"Benton County, Arkansas",910,234,764,229,652,224,112,73,146,103
0500000US05045,05045,"Faulkner County, Arkansas",225,116,122,74,53,37,69,64,103,98
0500000US05119,05119,"Pulaski County, Arkansas",477,173,352,151,286,121,66,70,125,83
0500000US05131,05131,"Sebastian County, Arkansas",245,112,147,89,109,68,38,52,98,59
0500000US05143,05143,"Washington County, Arkansas",850,229,592,203,429,197,163,131,258,130
0500000US06001,06001,"Alameda County, California",2898,417,1706,314,1227,287,479,206,1192,312
0500000US06007,06007,"Butte County, California",862,230,624,200,362,158,262,152,238,114
0500000US06009,06009,"Calaveras County, California",259,140,177,103,145,103,32,27,82,108
0500000US06013,06013,"Contra Costa County, California",1602,296,1269,247,949,248,320,134,333,151
0500000US06015,06015,"Del Norte County, California",430,158,211,113,182,115,29,41,219,156
0500000US06017,06017,"El Dorado County, California",457,166,244,143,152,98,92,86,213,139
0500000US06019,06019,"Fresno County, California",2708,377,1911,358,827,224,1084,253,797,241
0500000US06021,06021,"Glenn County, California",194,70,115,64,69,52,46,45,79,57
0500000US06023,06023,"Humboldt County, California",2348,369,1564,296,823,247,741,214,784,230
0500000US06025,06025,"Imperial County, California",956,213,689,181,374,146,315,147,267,172
0500000US06029,06029,"Kern County, California",2688,369,1975,309,1238,281,737,196,713,303
0500000US06031,06031,"Kings County, California",498,163,314,151,133,89,181,124,184,110
0500000US06033,06033,"Lake County, California",481,204,320,149,155,104,165,122,161,144
0500000US06035,06035,"Lassen County, California",423,142,290,141,180,128,110,93,133,100
0500000US06037,06037,"Los Angeles County, California",18200,1009,11940,752,7758,632,4182,462,6260,649
0500000US06039,06039,"Madera County, California",831,294,547,221,314,183,233,131,284,200
0500000US06041,06041,"Marin County, California",305,165,247,156,169,124,78,75,58,64
0500000US06045,06045,"Mendocino County, California",1473,244,1000,214,420,170,580,171,473,191
0500000US06047,06047,"Merced County, California",796,176,488,177,332,149,156,108,308,97
0500000US06053,06053,"Monterey County, California",659,186,533,165,349,127,184,95,126,98
0500000US06055,06055,"Napa County, California",404,185,295,178,125,103,170,151,109,135
0500000US06057,06057,"Nevada County, California",317,129,271,122,152,90,119,74,46,40
0500000US06059,06059,"Orange County, California",4833,447,3489,401,2234,326,1255,351,1344,346
0500000US06061,06061,"Placer County, California",884,262,681,242,570,233,111,85,203,128
0500000US06065,06065,"Riverside County, California",6811,850,4927,668,3445,563,1482,372,1884,453
0500000US06067,06067,"Sacramento County, California",4844,581,3114,474,1787,373,1327,365,1730,372
0500000US06069,06069,"San Benito County, California",258,119,193,110,161,101,32,47,65,62
0500000US06071,06071,"San Bernardino County, California",6893,835,5110,743,2992,526,2118,428,1783,427
0500000US06073,06073,"San Diego County, California",7352,614,4369,570,2748,423,1621,399,2983,502
0500000US06075,06075,"San Francisco County, California",1340,253,763,166,424,119,339,150,577,199
0500000US06077,06077,"San Joaquin County, California",1954,403,1237,292,730,229,507,197,717,267
0500000US06079,06079,"San Luis Obispo County, California",906,260,647,238,383,185,264,168,259,124
0500000US06081,06081,"San Mateo County, California",1067,236,720,203,394,137,326,172,347,130
0500000US06083,06083,"Santa Barbara County, California",1280,277,895,251,364,161,531,197,385,187
0500000US06085,06085,"Santa Clara County, California",3362,444,2435,385,1562,277,873,296,927,303
0500000US06087,06087,"Santa Cruz County, California",518,176,354,168,251,139,103,87,164,91
0500000US06089,06089,"Shasta County, California",1450,338,973,299,608,254,365,158,477,240
0500000US06093,06093,"Siskiyou County, California",435,102,284,82,177,61,107,59,151,67
0500000US06095,06095,"Solano County, California",1078,273,737,241,443,178,294,170,341,140
0500000US06097,06097,"Sonoma County, California",1895,368,1456,336,940,275,516,208,439,159
0500000US06099,06099,"Stanislaus County, California",1638,309,1238,280,711,232,527,216,400,149
0500000US06101,06101,"Sutter County, California",669,185,440,158,258,123,182,116,229,143
0500000US06103,06103,"Tehama County, California",445,170,360,155,217,111,143,117,85,84
0500000US06107,06107,"Tulare County, California",1732,308,1333,309,877,289,456,163,399,153
0500000US06109,06109,"Tuolumne County, California",417,139,224,122,96,74,128,105,193,97
0500000US06111,06111,"Ventura County, California",2805,568,2320,517,1524,418,796,305,485,178
0500000US06113,06113,"Yolo County, California",737,217,271,157,197,143,74,63,466,194
0500000US06115,06115,"Yuba County, California",600,192,382,176,185,104,197,137,218,109
0500000US08001,08001,"Adams County, Colorado",1617,383,1195,377,565,229,630,282,422,215
0500000US08005,08005,"Arapahoe County, Colorado",1643,358,1039,299,371,161,668,252,604,266
0500000US08013,08013,"Boulder County, Colorado",441,144,348,131,208,108,140,96,93,86
0500000US08031,08031,"Denver County, Colorado",2763,524,1214,365,730,249,484,235,1549,436
0500000US08035,08035,"Douglas County, Colorado",283,127,236,136,236,136,0,161,47,46
0500000US08041,08041,"El Paso County, Colorado",1904,325,1385,297,858,215,527,211,519,187
0500000US08059,08059,"Jefferson County, Colorado",1497,353,926,260,483,210,443,165,571,237
0500000US08067,08067,"La Plata County, Colorado",1171,247,778,189,440,124,338,172,393,201
0500000US08069,08069,"Larimer County, Colorado",733,234,556,214,330,168,226,156,177,102
0500000US08077,08077,"Mesa County, Colorado",579,200,395,157,323,156,72,60,184,131
0500000US08083,08083,"Montezuma County, Colorado",1012,231,853,199,478,183,375,220,159,139
0500000US08101,08101,"Pueblo County, Colorado",897,301,530,230,319,184,211,141,367,170
0500000US08123,08123,"Weld County, Colorado",757,244,530,198,331,148,199,145,227,156
0500000US09001,09001,"Fairfield County, Connecticut",615,199,466,192,323,167,143,101,149,108
0500000US09003,09003,"Hartford County, Connecticut",662,232,395,168,138,85,257,146,267,148
0500000US09007,09007,"Middlesex County, Connecticut",200,125,145,100,38,36,107,95,55,80
0500000US09009,09009,"New Haven County, Connecticut",702,238,323,146,241,127,82,62,379,184
0500000US09011,09011,"New London County, Connecticut",619,238,460,217,245,116,215,203,159,111
0500000US10001,10001,"Kent County, Delaware",353,157,159,91,111,78,48,58,194,170
0500000US10003,10003,"New Castle County, Delaware",316,118,244,101,154,88,90,66,72,76
0500000US10005,10005,"Sussex County, Delaware",185,67,144,63,114,60,30,22,41,30
0500000US11001,11001,"District of Columbia, District of Columbia",570,155,234,128,187,117,47,53,336,160
0500000US12001,12001,"Alachua County, Florida",218,108,134,88,102,71,32,50,84,71
0500000US12005,12005,"Bay County, Florida",342,117,250,103,152,79,98,79,92,72
0500000US12009,12009,"Brevard County, Florida",729,230,450,159,273,142,177,149,279,171
0500000US12011,12011,"Broward County, Florida",1463,364,861,306,371,198,490,240,602,269
0500000US12021,12021,"Collier County, Florida",237,131,180,122,146,114,34,33,57,59
0500000US12031,12031,"Duval County, Florida",1131,248,848,224,638,198,210,119,283,133
0500000US12033,12033,"Escambia County, Florida",687,198,487,178,332,130,155,101,200,91
0500000US12057,12057,"Hillsborough County, Florida",1361,300,942,252,577,155,365,183,419,138
0500000US12063,12063,"Jackson County, Florida",181,86,65,56,65,56,0,177,116,69
0500000US12069,12069,"Lake County, Florida",353,126,243,101,227,107,16,29,110,98
0500000US12071,12071,"Lee County, Florida",959,293,504,191,388,177,116,108,455,245
0500000US12081,12081,"Manatee County, Florida",322,162,171,119,60,65,111,95,151,128
0500000US12083,12083,"Marion County, Florida",482,166,380,127,207,117,173,93,102,104
0500000US12085,12085,"Martin County, Florida",320,220,149,149,149,149,0,177,171,153
0500000US12086,12086,"Miami-Dade County, Florida",1192,371,771,242,583,226,188,124,421,256
0500000US12091,12091,"Okaloosa County, Florida",568,196,324,135,273,118,51,57,244,184
0500000US12095,12095,"Orange County, Florida",1307,352,856,258,519,213,337,208,451,215
0500000US12099,12099,"Palm Beach County, Florida",1318,323,677,294,453,240,224,135,641,270
0500000US12101,12101,"Pasco County, Florida",538,284,288,150,118,114,170,114,250,231
0500000US12103,12103,"Pinellas County, Florida",791,236,454,204,380,192,74,78,337,155
0500000US12105,12105,"Polk County, Florida",912,250,634,207,430,145,204,178,278,176
0500000US12111,12111,"St. Lucie County, Florida",242,133,169,134,158,132,11,18,73,58
0500000US12115,12115,"Sarasota County, Florida",284,135,154,96,117,82,37,41,130,105
0500000US12127,12127,"Volusia County, Florida",591,182,441,177,312,140,129,103,150,100
0500000US13057,13057,"Cherokee County, Georgia",244,113,177,100,97,70,80,72,67,75
0500000US13067,13067,"Cobb County, Georgia",768,209,609,205,500,191,109,76,159,102
0500000US13089,13089,"DeKalb County, Georgia",495,232,183,117,116,97,67,78,312,214
0500000US13121,13121,"Fulton County, Georgia",766,260,256,149,57,82,199,149,510,235
0500000US13135,13135,"Gwinnett County, Georgia",780,206,656,216,516,194,140,124,124,92
0500000US13245,13245,"Richmond County, Georgia",222,129,142,119,108,105,34,55,80,59
0500000US15001,15001,"Hawaii County, Hawaii",296,138,168,100,97,70,71,66,128,90
0500000US15003,15003,"Honolulu County, Hawaii",1048,358,586,224,351,158,235,183,462,252
0500000US16001,16001,"Ada County, Idaho",899,289,730,279,347,161,383,220,169,119
0500000US16005,16005,"Bannock County, Idaho",608,136,386,104,182,86,204,106,222,122
0500000US16011,16011,"Bingham County, Idaho",560,126,446,89,319,89,127,79,114,86
0500000US16027,16027,"Canyon County, Idaho",371,150,322,145,202,101,120,97,49,56
0500000US16055,16055,"Kootenai County, Idaho",356,135,315,128,226,127,89,63,41,40
0500000US16069,16069,"Nez Perce County, Idaho",407,116,343,97,139,77,204,77,64,56
0500000US16083,16083,"Twin Falls County, Idaho",181,92,135,85,135,85,0,151,46,46
0500000US17019,17019,"Champaign County, Illinois",282,81,205,76,61,51,144,79,77,62
0500000US17031,17031,"Cook County, Illinois",4050,466,2496,401,1592,326,904,269,1554,342
0500000US17043,17043,"DuPage County, Illinois",548,158,268,97,215,82,53,57,280,152
0500000US17097,17097,"Lake County, Illinois",291,152,169,100,133,95,36,35,122,105
0500000US17119,17119,"Madison County, Illinois",353,146,196,99,196,99,0,154,157,130
0500000US17163,17163,"St. Clair County, Illinois",218,123,134,98,113,88,21,34,84,63
0500000US18003,18003,"Allen County, Indiana",444,175,324,160,194,129,130,107,120,74
0500000US18089,18089,"Lake County, Indiana",629,172,503,170,338,149,165,117,126,60
0500000US18097,18097,"Marion County, Indiana",665,198,394,145,254,113,140,92,271,131
0500000US18141,18141,"St. Joseph County, Indiana",282,87,160,71,137,63,23,27,122,74
0500000US19103,19103,"Johnson County, Iowa",179,90,115,80,32,38,83,68,64,47
0500000US19153,19153,"Polk County, Iowa",491,177,365,168,287,140,78,99,126,87
0500000US19163,19163,"Scott County, Iowa",209,98,175,95,88,53,87,86,34,33
0500000US19193,19193,"Woodbury County, Iowa",594,178,383,151,147,104,236,126,211,120
0500000US20015,20015,"Butler County, Kansas",195,90,195,90,118,72,77,74,0,140
0500000US20021,20021,"Cherokee County, Kansas",334,128,222,113,169,107,53,47,112,66
0500000US20045,20045,"Douglas County, Kansas",747,168,443,161,259,107,184,117,304,123
0500000US20091,20091,"Johnson County, Kansas",561,168,356,153,301,143,55,66,205,104
0500000US20125,20125,"Montgomery County, Kansas",171,79,132,66,96,54,36,35,39,42
0500000US20173,20173,"Sedgwick County, Kansas",1296,275,868,237,532,202,336,157,428,141
0500000US20177,20177,"Shawnee County, Kansas",663,151,428,114,302,105,126,85,235,110
0500000US20209,20209,"Wyandotte County, Kansas",379,124,322,129,208,111,114,90,57,52
0500000US21111,21111,"Jefferson County, Kentucky",366,147,136,74,47,47,89,63,230,118
0500000US22003,22003,"Allen Parish, Louisiana",152,74,71,54,71,54,0,161,81,57
0500000US22009,22009,"Avoyelles Parish, Louisiana",200,75,153,63,74,67,79,61,47,41
0500000US22017,22017,"Caddo Parish, Louisiana",250,143,202,139,116,72,86,124,48,47
0500000US22051,22051,"Jefferson Parish, Louisiana",725,168,488,131,290,123,198,109,237,133
0500000US22055,22055,"Lafayette Parish, Louisiana",263,67,198,69,125,68,73,54,65,47
0500000US22057,22057,"Lafourche Parish, Louisiana",696,172,603,168,363,120,240,147,93,68
0500000US22069,22069,"Natchitoches Parish, Louisiana",153,46,106,44,85,37,21,21,47,35
0500000US22071,22071,"Orleans Parish, Louisiana",390,176,144,87,92,69,52,59,246,151
0500000US22079,22079,"Rapides Parish, Louisiana",349,109,254,110,205,95,49,53,95,54
0500000US22085,22085,"Sabine Parish, Louisiana",769,130,545,117,364,80,181,92,224,94
0500000US22101,22101,"St. Mary Parish, Louisiana",330,129,188,91,144,84,44,30,142,98
0500000US22109,22109,"Terrebonne Parish, Louisiana",1403,295,1059,262,503,185,556,208,344,199
0500000US22115,22115,"Vernon Parish, Louisiana",270,101,185,86,136,73,49,45,85,47
0500000US23003,23003,"Aroostook County, Maine",356,80,216,76,121,66,95,49,140,67
0500000US23011,23011,"Kennebec County, Maine",132,77,85,68,85,68,0,132,47,36
0500000US23019,23019,"Penobscot County, Maine",511,111,259,73,133,74,126,59,252,96
0500000US23029,23029,"Washington County, Maine",436,70,260,59,136,53,124,42,176,56
0500000US23031,23031,"York County, Maine",301,129,174,93,91,66,83,69,127,96
0500000US24003,24003,"Anne Arundel County, Maryland",466,176,208,96,140,80,68,56,258,155
0500000US24005,24005,"Baltimore County, Maryland",738,174,523,142,367,125,156,82,215,113
0500000US24017,24017,"Charles County, Maryland",513,222,239,115,158,104,81,68,274,186
0500000US24027,24027,"Howard County, Maryland",288,128,160,93,108,69,52,78,128,102
0500000US24031,24031,"Montgomery County, Maryland",882,270,578,197,369,158,209,107,304,162
0500000US24033,24033,"Prince George's County, Maryland",799,255,501,184,291,134,210,129,298,173
0500000US24510,24510,"Baltimore city, Maryland",667,183,313,145,150,88,163,109,354,136
0500000US25005,25005,"Bristol County, Massachusetts",382,172,218,145,167,122,51,80,164,116
0500000US25009,25009,"Essex County, Massachusetts",494,161,194,101,133,87,61,57,300,156
0500000US25013,25013,"Hampden County, Massachusetts",240,159,129,113,45,46,84,83,111,111
0500000US25017,25017,"Middlesex County, Massachusetts",867,239,323,162,183,107,140,116,544,167
0500000US25023,25023,"Plymouth County, Massachusetts",234,110,134,82,86,67,48,62,100,81
0500000US25025,25025,"Suffolk County, Massachusetts",982,335,596,272,181,122,415,208,386,197
0500000US25027,25027,"Worcester County, Massachusetts",374,130,225,102,167,87,58,53,149,103
0500000US26005,26005,"Allegan County, Michigan",266,95,145,71,91,50,54,55,121,90
0500000US26021,26021,"Berrien County, Michigan",229,98,126,71,114,68,12,15,103,71
0500000US26025,26025,"Calhoun County, Michigan",226,101,142,85,23,26,119,82,84,81
0500000US26027,26027,"Cass County, Michigan",183,46,127,46,105,44,22,22,56,37
0500000US26029,26029,"Charlevoix County, Michigan",126,69,81,55,53,47,28,32,45,39
0500000US26031,26031,"Cheboygan County, Michigan",266,89,157,65,69,43,88,56,109,64
0500000US26033,26033,"Chippewa County, Michigan",1853,289,1207,202,748,178,459,136,646,196
0500000US26041,26041,"Delta County, Michigan",293,122,103,59,90,58,13,16,190,114
0500000US26047,26047,"Emmet County, Michigan",319,105,203,77,160,74,43,34,116,82
0500000US26049,26049,"Genesee County, Michigan",990,258,769,234,321,183,448,226,221,95
0500000US26065,26065,"Ingham County, Michigan",312,134,222,100,174,85,48,39,90,89
0500000US26073,26073,"Isabella County, Michigan",764,109,526,78,244,72,282,88,238,96
0500000US26077,26077,"Kalamazoo County, Michigan",327,118,168,58,124,52,44,36,159,102
0500000US26081,26081,"Kent County, Michigan",774,155,522,155,297,118,225,105,252,107
0500000US26089,26089,"Leelanau County, Michigan",372,73,200,64,65,50,135,67,172,82
0500000US26093,26093,"Livingston County, Michigan",278,102,212,90,173,96,39,41,66,48
0500000US26099,26099,"Macomb County, Michigan",1187,258,878,249,458,145,420,192,309,125
0500000US26103,26103,"Marquette County, Michigan",284,107,268,105,165,99,103,84,16,17
0500000US26109,26109,"Menominee County, Michigan",209,67,146,50,75,39,71,39,63,53
0500000US26115,26115,"Monroe County, Michigan",214,125,111,69,104,69,7,14,103,93
0500000US26121,26121,"Muskegon County, Michigan",510,147,297,116,252,119,45,49,213,93
0500000US26123,26123,"Newaygo County, Michigan",85,56,71,54,14,13,57,52,14,16
0500000US26125,26125,"Oakland County, Michigan",1181,282,602,190,253,92,349,152,579,238
0500000US26127,26127,"Oceana County, Michigan",101,45,49,31,40,28,9,12,52,41
0500000US26139,26139,"Ottawa County, Michigan",216,90,106,57,76,61,30,47,110,77
0500000US26145,26145,"Saginaw County, Michigan",275,143,204,131,54,32,150,125,71,65
0500000US26149,26149,"St. Joseph County, Michigan",141,65,141,65,83,66,58,40,0,140
0500000US26155,26155,"Shiawassee County, Michigan",134,75,134,75,61,49,73,62,0,140
0500000US26159,26159,"Van Buren County, Michigan",317,98,208,80,144,75,64,50,109,85
0500000US26161,26161,"Washtenaw County, Michigan",319,117,185,85,126,72,59,48,134,88
0500000US26163,26163,"Wayne County, Michigan",2120,269,1303,250,774,198,529,166,817,186
0500000US27003,27003,"Anoka County, Minnesota",699,149,469,137,244,109,225,115,230,106
0500000US27005,27005,"Becker County, Minnesota",739,141,505,115,322,116,183,70,234,88
0500000US27007,27007,"Beltrami County, Minnesota",1948,287,1231,223,375,131,856,201,717,235
0500000US27017,27017,"Carlton County, Minnesota",618,90,458,88,180,61,278,85,160,72
0500000US27021,27021,"Cass County, Minnesota",1126,111,586,112,144,57,442,102,540,107
0500000US27027,27027,"Clay County, Minnesota",340,138,306,135,139,111,167,117,34,46
0500000US27035,27035,"Crow Wing County, Minnesota",224,54,206,53,105,44,101,49,18,28
0500000US27037,27037,"Dakota County, Minnesota",624,217,427,192,201,129,226,152,197,120
0500000US27041,27041,"Douglas County, Minnesota",107,72,31,27,31,27,0,123,76,68
0500000US27049,27049,"Goodhue County, Minnesota",99,44,89,42,51,30,38,31,10,10
0500000US27053,27053,"Hennepin County, Minnesota",3276,420,2363,365,745,202,1618,358,913,271
0500000US27061,27061,"Itasca County, Minnesota",418,125,216,83,171,81,45,44,202,121
0500000US27095,27095,"Mille Lacs County, Minnesota",425,107,296,105,92,55,204,110,129,65
0500000US27111,27111,"Otter Tail County, Minnesota",139,45,74,48,26,24,48,44,65,69
0500000US27115,27115,"Pine County, Minnesota",248,82,157,63,44,39,113,59,91,58
0500000US27123,27123,"Ramsey County, Minnesota",1391,303,796,263,177,89,619,266,595,196
0500000US27137,27137,"St. Louis County, Minnesota",1739,253,1028,189,345,110,683,169,711,282
0500000US27139,27139,"Scott County, Minnesota",337,104,236,89,181,82,55,35,101,68
0500000US28099,28099,"Neshoba County, Mississippi",959,210,799,198,251,131,548,192,160,100
0500000US28101,28101,"Newton County, Mississippi",324,100,324,100,178,115,146,128,0,168
0500000US29019,29019,"Boone County, Missouri",348,129,206,109,89,74,117,105,142,110
0500000US29037,29037,"Cass County, Missouri",228,92,196,85,74,60,122,98,32,46
0500000US29047,29047,"Clay County, Missouri",246,89,145,82,94,67,51,49,101,58
0500000US29051,29051,"Cole County, Missouri",111,65,111,65,55,48,56,47,0,147
0500000US29077,29077,"Greene County, Missouri",281,119,129,66,35,32,94,56,152,98
0500000US29091,29091,"Howell County, Missouri",210,92,159,92,87,64,72,68,51,59
0500000US29095,29095,"Jackson County, Missouri",1090,204,551,123,331,114,220,103,539,175
0500000US29097,29097,"Jasper County, Missouri",647,150,359,137,269,116,90,74,288,123
0500000US29099,29099,"Jefferson County, Missouri",203,91,142,77,113,66,29,40,61,55
0500000US29145,29145,"Newton County, Missouri",424,131,240,108,188,96,52,52,184,95
0500000US29165,29165,"Platte County, Missouri",106,61,70,47,57,42,13,18,36,36
0500000US29189,29189,"St. Louis County, Missouri",584,130,495,145,350,148,145,84,89,65
0500000US29207,29207,"Stoddard County, Missouri",133,52,103,57,64,51,39,40,30,27
0500000US29510,29510,"St. Louis city, Missouri",346,149,107,75,55,52,52,55,239,123
0500000US30013,30013,"Cascade County, Montana",1192,271,873,248,408,187,465,202,319,162
0500000US30029,30029,"Flathead County, Montana",351,142,183,89,87,51,96,86,168,96
0500000US30031,30031,"Gallatin County, Montana",322,90,196,84,63,54,133,84,126,75
0500000US30047,30047,"Lake County, Montana",2090,281,1344,274,799,272,545,174,746,234
0500000US30049,30049,"Lewis and Clark County, Montana",292,125,225,111,134,94,91,85,67,70
0500000US30063,30063,"Missoula County, Montana",938,271,553,184,392,161,161,106,385,200
0500000US30111,30111,"Yellowstone County, Montana",1765,305,1394,301,1022,264,372,175,371,224
0500000US31055,31055,"Douglas County, Nebraska",884,252,530,162,298,123,232,99,354,188
0500000US31109,31109,"Lancaster County, Nebraska",598,185,360,141,154,86,206,127,238,152
0500000US32001,32001,"Churchill County, Nevada",284,120,159,66,78,55,81,54,125,95
0500000US32003,32003,"Clark County, Nevada",5298,704,3465,580,2320,447,1145,352,1833,399
0500000US32005,32005,"Douglas County, Nevada",262,107,198,93,118,70,80,65,64,54
0500000US32007,32007,"Elko County, Nevada",1199,159,810,131,445,149,365,114,389,123
0500000US32019,32019,"Lyon County, Nevada",353,130,217,99,119,78,98,80,136,94
0500000US32023,32023,"Nye County, Nevada",327,132,176,88,132,91,44,35,151,115
0500000US32031,32031,"Washoe County, Nevada",2821,328,1453,279,848,248,605,184,1368,272
0500000US32510,32510,"Carson City, Nevada",393,87,268,82,76,50,192,66,125,70
0500000US33005,33005,"Cheshire County, New Hampshire",190,89,99,69,53,43,46,54,91,76
0500000US34001,34001,"Atlantic County, New Jersey",227,90,157,77,68,51,89,72,70,51
0500000US34003,34003,"Bergen County, New Jersey",484,209,324,152,186,95,138,119,160,129
0500000US34005,34005,"Burlington County, New Jersey",260,140,168,125,115,112,53,60,92,63
0500000US34007,34007,"Camden County, New Jersey",591,224,529,220,284,125,245,163,62,52
0500000US34011,34011,"Cumberland County, New Jersey",524,130,393,119,292,115,101,67,131,75
0500000US34013,34013,"Essex County, New Jersey",672,217,449,189,270,143,179,134,223,125
0500000US34017,34017,"Hudson County, New Jersey",893,265,604,220,476,191,128,99,289,146
0500000US34021,34021,"Mercer County, New Jersey",218,104,122,76,45,65,77,68,96,86
0500000US34023,34023,"Middlesex County, New Jersey",437,158,332,151,209,92,123,117,105,76
0500000US34025,34025,"Monmouth County, New Jersey",568,211,296,128,267,119,29,35,272,175
0500000US34029,34029,"Ocean County, New Jersey",223,119,107,77,24,24,83,72,116,112
0500000US34031,34031,"Passaic County, New Jersey",259,138,237,142,109,92,128,100,22,36
0500000US34039,34039,"Union County, New Jersey",334,127,241,106,152,105,89,73,93,75
0500000US35001,35001,"Bernalillo County, New Mexico",10818,730,7199,593,3483,541,3716,544,3619,632
0500000US35005,35005,"Chaves County, New Mexico",358,163,333,159,158,86,175,137,25,40
0500000US35006,35006,"Cibola County, New Mexico",2608,329,1969,302,851,156,1118,269,639,168
0500000US35009,35009,"Curry County, New Mexico",367,156,237,165,124,103,113,124,130,107
0500000US35013,35013,"Doña Ana County, New Mexico",796,231,654,266,318,129,336,204,142,104
0500000US35015,35015,"Eddy County, New Mexico",75,52,73,52,41,40,32,30,2,3
0500000US35031,35031,"McKinley County, New Mexico",12178,639,8638,601,4726,518,3912,482,3540,379
0500000US35035,35035,"Otero County, New Mexico",1150,192,800,183,431,202,369,122,350,141
0500000US35039,35039,"Rio Arriba County, New Mexico",1634,158,1331,147,543,95,788,138,303,86
0500000US35043,35043,"Sandoval County, New Mexico",3860,259,3388,243,1593,220,1795,242,472,132
0500000US35045,35045,"San Juan County, New Mexico",11574,536,9160,516,5400,468,3760,457,2414,412
0500000US35049,35049,"Santa Fe County, New Mexico",1690,200,1018,154,590,154,428,117,672,199
0500000US35055,35055,"Taos County, New Mexico",411,127,351,110,207,85,144,59,60,50
0500000US35061,35061,"Valencia County, New Mexico",866,218,564,180,257,91,307,147,302,174
0500000US36001,36001,"Albany County, New York",256,127,142,77,77,60,65,54,114,104
0500000US36003,36003,"Allegany County, New York",86,48,52,41,8,10,44,40,34,26
0500000US36005,36005,"Bronx County, New York",2559,477,1880,398,621,276,1259,330,679,268
0500000US36007,36007,"Broome County, New York",157,72,95,69,77,61,18,20,62,47
0500000US36009,36009,"Cattaraugus County, New York",712,103,418,82,225,60,193,77,294,87
0500000US36013,36013,"Chautauqua County, New York",244,100,151,78,33,32,118,73,93,62
0500000US36023,36023,"Cortland County, New York",122,56,89,61,83,64,6,12,33,30
0500000US36029,36029,"Erie County, New York",1780,323,925,218,496,163,429,188,855,272
0500000US36033,36033,"Franklin County, New York",965,215,656,181,469,145,187,109,309,155
0500000US36037,36037,"Genesee County, New York",185,47,117,39,81,32,36,32,68,44
0500000US36047,36047,"Kings County, New York",2848,403,1589,374,808,283,781,263,1259,318
0500000US36055,36055,"Monroe County, New York",543,129,315,91,209,91,106,57,228,107
0500000US36059,36059,"Nassau County, New York",459,201,421,198,221,155,200,167,38,43
0500000US36061,36061,"New York County, New York",2050,357,1136,290,691,222,445,211,914,314
0500000US36063,36063,"Niagara County, New York",650,137,515,115,226,91,289,98,135,97
0500000US36067,36067,"Onondaga County, New York",1300,227,816,193,383,152,433,164,484,171
0500000US36071,36071,"Orange County, New York",340,144,135,103,18,29,117,104,205,132
0500000US36081,36081,"Queens County, New York",3184,377,2404,347,1196,288,1208,300,780,247
0500000US36083,36083,"Rensselaer County, New York",194,103,119,76,78,62,41,49,75,62
0500000US36087,36087,"Rockland County, New York",281,108,118,82,118,82,0,158,163,122
0500000US36093,36093,"Schenectady County, New York",246,82,139,57,93,53,46,46,107,66
0500000US36103,36103,"Suffolk County, New York",1078,373,843,302,426,211,417,197,235,155
0500000US36119,36119,"Westchester County, New York",514,198,244,122,196,107,48,54,270,185
0500000US37017,37017,"Bladen County, North Carolina",274,74,224,83,127,58,97,65,50,50
0500000US37021,37021,"Buncombe County, North Carolina",298,120,92,72,92,72,0,168,206,113
0500000US37047,37047,"Columbus County, North Carolina",545,92,405,73,301,73,104,57,140,70
0500000US37051,37051,"Cumberland County, North Carolina",1114,232,772,176,515,132,257,136,342,151
0500000US37057,37057,"Davidson County, North Carolina",358,115,279,112,253,119,26,42,79,67
0500000US37067,37067,"Forsyth County, North Carolina",301,113,195,105,141,81,54,75,106,77
0500000US37071,37071,"Gaston County, North Carolina",304,142,212,137,162,130,50,44,92,54
0500000US37081,37081,"Guilford County, North Carolina",969,305,781,254,409,206,372,212,188,144
0500000US37083,37083,"Halifax County, North Carolina",878,119,503,102,259,102,244,97,375,126
0500000US37085,37085,"Harnett County, North Carolina",179,86,130,87,96,76,34,35,49,40
0500000US37087,37087,"Haywood County, North Carolina",254,92,170,101,112,84,58,79,84,79
0500000US37091,37091,"Hertford County, North Carolina",127,32,65,32,52,32,13,11,62,29
0500000US37093,37093,"Hoke County, North Carolina",804,204,586,151,343,120,243,124,218,158
0500000US37099,37099,"Jackson County, North Carolina",1410,286,942,241,321,176,621,228,468,233
0500000US37101,37101,"Johnston County, North Carolina",142,92,66,57,66,57,0,168,76,69
0500000US37119,37119,"Mecklenburg County, North Carolina",1590,352,926,283,719,250,207,106,664,276
0500000US37125,37125,"Moore County, North Carolina",169,73,77,56,50,48,27,29,92,62
0500000US37133,37133,"Onslow County, North Carolina",347,176,297,172,297,172,0,168,50,43
0500000US37155,37155,"Robeson County, North Carolina",15079,746,10443,647,6640,593,3803,560,4636,789
0500000US37163,37163,"Sampson County, North Carolina",294,59,173,55,127,55,46,27,121,61
0500000US37165,37165,"Scotland County, North Carolina",1041,165,778,141,374,161,404,153,263,145
0500000US37183,37183,"Wake County, North Carolina",1340,275,815,211,620,160,195,147,525,253
0500000US38015,38015,"Burleigh County, North Dakota",689,152,580,142,239,153,341,179,109,81
0500000US38017,38017,"Cass County, North Dakota",902,251,384,127,159,96,225,98,518,229
0500000US38035,38035,"Grand Forks County, North Dakota",706,231,248,81,156,86,92,77,458,223
0500000US38101,38101,"Ward County, North Dakota",422,153,248,148,92,84,156,103,174,193
0500000US38105,38105,"Williams County, North Dakota",368,142,184,68,78,66,106,75,184,130
0500000US39017,39017,"Butler County, Ohio",334,196,92,80,77,76,15,24,242,171
0500000US39023,39023,"Clark County, Ohio",176,108,101,90,101,90,0,154,75,63
0500000US39035,39035,"Cuyahoga County, Ohio",1046,213,597,180,288,110,309,137,449,137
0500000US39049,39049,"Franklin County, Ohio",842,209,528,175,282,146,246,113,314,121
0500000US39057,39057,"Greene County, Ohio",167,116,120,103,120,103,0,154,47,44
0500000US39061,39061,"Hamilton County, Ohio",416,155,261,121,246,118,15,27,155,97
0500000US39093,39093,"Lorain County, Ohio",404,181,324,162,101,74,223,152,80,79
0500000US39095,39095,"Lucas County, Ohio",390,126,235,106,188,96,47,58,155,89
0500000US39151,39151,"Stark County, Ohio",437,141,349,120,195,108,154,111,88,63
0500000US39153,39153,"Summit County, Ohio",509,174,199,131,148,127,51,59,310,152
0500000US39155,39155,"Trumbull County, Ohio",216,106,141,75,85,59,56,45,75,72
0500000US40001,40001,"Adair County, Oklahoma",2281,174,1810,164,1186,170,624,145,471,141
0500000US40013,40013,"Bryan County, Oklahoma",569,157,283,102,148,72,135,72,286,113
0500000US40015,40015,"Caddo County, Oklahoma",1915,208,1463,215,873,199,590,157,452,152
0500000US40017,40017,"Canadian County, Oklahoma",1148,230,870,205,490,128,380,153,278,145
0500000US40019,40019,"Carter County, Oklahoma",1496,237,907,203,669,201,238,117,589,201
0500000US40021,40021,"Cherokee County, Oklahoma",3886,392,2830,347,1595,321,1235,276,1056,267
0500000US40027,40027,"Cleveland County, Oklahoma",2847,399,1987,333,1359,262,628,220,860,233
0500000US40031,40031,"Comanche County, Oklahoma",2000,261,1447,211,785,163,662,169,553,166
0500000US40037,40037,"Creek County, Oklahoma",1682,325,1084,263,685,175,399,190,598,215
0500000US40039,40039,"Custer County, Oklahoma",477,186,340,189,109,96,231,141,137,112
0500000US40041,40041,"Delaware County, Oklahoma",2602,323,1999,310,1456,277,543,173,603,192
0500000US40047,40047,"Garfield County, Oklahoma",497,132,413,131,290,112,123,75,84,61
0500000US40049,40049,"Garvin County, Oklahoma",729,172,582,161,264,86,318,149,147,69
0500000US40051,40051,"Grady County, Oklahoma",711,148,479,128,369,103,110,99,232,117
0500000US40071,40071,"Kay County, Oklahoma",1192,172,905,162,454,109,451,131,287,119
0500000US40079,40079,"Le Flore County, Oklahoma",992,175,661,138,492,128,169,74,331,107
0500000US40081,40081,"Lincoln County, Oklahoma",514,151,444,146,360,133,84,75,70,56
0500000US40083,40083,"Logan County, Oklahoma",409,137,295,128,228,116,67,68,114,80
0500000US40089,40089,"McCurtain County, Oklahoma",1973,246,1419,218,682,161,737,200,554,213
0500000US40097,40097,"Mayes County, Oklahoma",1118,194,780,170,545,150,235,81,338,92
0500000US40101,40101,"Muskogee County, Oklahoma",2907,341,1980,273,1292,219,688,203,927,213
0500000US40109,40109,"Oklahoma County, Oklahoma",6735,613,4562,499,3121,416,1441,286,2173,407
0500000US40111,40111,"Okmulgee County, Oklahoma",1768,261,1319,251,840,219,479,176,449,175
0500000US40113,40113,"Osage County, Oklahoma",2428,308,1631,230,1103,221,528,226,797,249
0500000US40115,40115,"Ottawa County, Oklahoma",2056,194,1536,160,958,141,578,110,520,102
0500000US40119,40119,"Payne County, Oklahoma",760,228,504,160,273,102,231,134,256,138
0500000US40121,40121,"Pittsburg County, Oklahoma",1697,240,1212,209,835,189,377,136,485,138
0500000US40123,40123,"Pontotoc County, Oklahoma",1167,256,811,214,603,190,208,122,356,121
0500000US40125,40125,"Pottawatomie County, Oklahoma",2503,310,1962,300,1114,232,848,230,541,153
0500000US40131,40131,"Rogers County, Oklahoma",3293,363,2324,295,1896,300,428,163,969,233
0500000US40133,40133,"Seminole County, Oklahoma",1013,171,707,135,343,95,364,111,306,118
0500000US40135,40135,"Sequoyah County, Oklahoma",1958,273,1491,239,968,245,523,169,467,145
0500000US40137,40137,"Stephens County, Oklahoma",653,171,442,157,339,127,103,74,211,101
0500000US40143,40143,"Tulsa County, Oklahoma",8402,584,5476,466,3500,416,1976,366,2926,370
0500000US40145,40145,"Wagoner County, Oklahoma",1811,290,1411,293,1005,233,406,176,400,145
0500000US40147,40147,"Washington County, Oklahoma",1475,271,1098,279,834,221,264,145,377,127
0500000US41005,41005,"Clackamas County, Oregon",535,208,508,202,410,175,98,73,27,28
0500000US41009,41009,"Columbia County, Oregon",180,115,105,96,105,96,0,158,75,68
0500000US41011,41011,"Coos County, Oregon",465,178,406,170,312,154,94,85,59,49
0500000US41015,41015,"Curry County, Oregon",259,154,259,154,179,163,80,77,0,158
0500000US41017,41017,"Deschutes County, Oregon",292,132,220,127,180,108,40,66,72,63
0500000US41019,41019,"Douglas County, Oregon",653,176,414,143,261,128,153,87,239,125
0500000US41029,41029,"Jackson County, Oregon",666,236,518,208,272,149,246,165,148,94
0500000US41031,41031,"Jefferson County, Oregon",758,217,606,172,228,108,378,153,152,130
0500000US41033,41033,"Josephine County, Oregon",492,220,290,169,290,169,0,158,202,143
0500000US41035,41035,"Klamath County, Oregon",833,210,639,193,287,112,352,168,194,96
0500000US41039,41039,"Lane County, Oregon",1467,299,860,226,477,137,383,190,607,233
0500000US41041,41041,"Lincoln County, Oregon",691,142,316,108,171,99,145,88,375,165
0500000US41043,41043,"Linn County, Oregon",720,274,483,204,351,184,132,125,237,174
0500000US41047,41047,"Marion County, Oregon",2190,492,1825,445,1297,350,528,245,365,192
0500000US41051,41051,"Multnomah County, Oregon",3141,566,2134,496,1346,423,788,297,1007,277
0500000US41053,41053,"Polk County, Oregon",470,152,328,139,163,122,165,74,142,98
0500000US41059,41059,"Umatilla County, Oregon",603,186,524,172,229,104,295,114,79,46
0500000US41065,41065,"Wasco County, Oregon",435,99,298,102,179,89,119,63,137,83
0500000US41067,41067,"Washington County, Oregon",2582,548,1805,458,985,334,820,281,777,287
0500000US41071,41071,"Yamhill County, Oregon",359,161,312,160,240,145,72,60,47,57
0500000US42003,42003,"Allegheny County, Pennsylvania",595,152,282,89,178,86,104,63,313,142
0500000US42027,42027,"Centre County, Pennsylvania",175,70,136,58,90,52,46,42,39,40
0500000US42029,42029,"Chester County, Pennsylvania",175,82,130,71,89,59,41,39,45,48
0500000US42039,42039,"Crawford County, Pennsylvania",111,54,104,52,94,54,10,9,7,12
0500000US42049,42049,"Erie County, Pennsylvania",103,58,66,44,59,45,7,12,37,28
0500000US42071,42071,"Lancaster County, Pennsylvania",164,91,94,60,67,53,27,41,70,63
0500000US42095,42095,"Northampton County, Pennsylvania",169,58,132,47,84,46,48,47,37,45
0500000US42101,42101,"Philadelphia County, Pennsylvania",1389,292,947,262,518,181,429,252,442,197
0500000US42133,42133,"York County, Pennsylvania",258,88,186,96,132,71,54,68,72,50
0500000US44007,44007,"Providence County, Rhode Island",982,254,713,216,345,117,368,157,269,124
0500000US44009,44009,"Washington County, Rhode Island",516,173,377,185,65,86,312,203,139,106
0500000US45019,45019,"Charleston County, South Carolina",329,126,171,84,74,61,97,66,158,120
0500000US45045,45045,"Greenville County, South Carolina",308,99,143,68,81,62,62,43,165,81
0500000US45051,45051,"Horry County, South Carolina",368,148,170,135,46,44,124,129,198,140
0500000US45063,45063,"Lexington County, South Carolina",311,164,196,118,186,114,10,17,115,87
0500000US45069,45069,"Marlboro County, South Carolina",203,86,155,78,70,60,85,50,48,54
0500000US45077,45077,"Pickens County, South Carolina",85,44,78,44,41,35,37,35,7,11
0500000US45079,45079,"Richland County, South Carolina",376,166,130,100,60,53,70,80,246,127
0500000US45083,45083,"Spartanburg County, South Carolina",242,113,164,110,78,68,86,106,78,71
0500000US45085,45085,"Sumter County, South Carolina",184,81,110,67,30,35,80,64,74,67
0500000US45091,45091,"York County, South Carolina",337,112,185,73,104,61,81,40,152,92
0500000US46011,46011,"Brookings County, South Dakota",132,61,72,52,6,11,66,53,60,60
0500000US46013,46013,"Brown County, South Dakota",498,140,300,111,87,66,213,97,198,130
0500000US46099,46099,"Minnehaha County, South Dakota",869,229,715,233,179,140,536,188,154,86
0500000US46103,46103,"Pennington County, South Dakota",2116,269,1528,273,381,142,1147,264,588,197
0500000US47037,47037,"Davidson County, Tennessee",1061,263,729,234,561,184,168,146,332,176
0500000US47065,47065,"Hamilton County, Tennessee",391,144,296,135,238,109,58,81,95,71
0500000US47093,47093,"Knox County, Tennessee",455,177,256,137,203,121,53,64,199,121
0500000US47157,47157,"Shelby County, Tennessee",525,204,299,136,246,138,53,49,226,144
0500000US47163,47163,"Sullivan County, Tennessee",271,96,176,100,148,95,28,31,95,75
0500000US48027,48027,"Bell County, Texas",550,171,433,160,262,136,171,84,117,76
0500000US48029,48029,"Bexar County, Texas",3988,608,2704,514,1535,314,1169,389,1284,324
0500000US48061,48061,"Cameron County, Texas",312,159,179,98,114,81,65,61,133,124
0500000US48085,48085,"Collin County, Texas",1323,277,958,221,758,221,200,108,365,147
0500000US48113,48113,"Dallas County, Texas",3778,505,2566,472,1689,334,877,320,1212,299
0500000US48121,48121,"Denton County, Texas",746,210,598,196,364,138,234,128,148,78
0500000US48135,48135,"Ector County, Texas",287,157,95,52,62,52,33,36,192,146
0500000US48139,48139,"Ellis County, Texas",658,245,569,222,441,213,128,94,89,100
0500000US48141,48141,"El Paso County, Texas",1686,342,1041,290,648,221,393,155,645,248
0500000US48157,48157,"Fort Bend County, Texas",554,200,525,204,402,127,123,123,29,33
0500000US48167,48167,"Galveston County, Texas",475,171,275,147,208,100,67,107,200,115
0500000US48181,48181,"Grayson County, Texas",527,135,310,114,239,103,71,57,217,119
0500000US48187,48187,"Guadalupe County, Texas",283,115,230,111,177,98,53,52,53,46
0500000US48201,48201,"Harris County, Texas",5734,555,3696,511,2227,421,1469,391,2038,482
0500000US48209,48209,"Hays County, Texas",394,194,188,100,111,89,77,56,206,161
0500000US48215,48215,"Hidalgo County, Texas",793,238,404,188,270,157,134,105,389,185
0500000US48217,48217,"Hill County, Texas",148,77,127,78,72,64,55,54,21,30
0500000US48245,48245,"Jefferson County, Texas",424,144,282,132,213,122,69,61,142,95
0500000US48257,48257,"Kaufman County, Texas",158,86,77,53,66,50,11,17,81,69
0500000US48303,48303,"Lubbock County, Texas",463,198,198,91,116,68,82,69,265,189
0500000US48309,48309,"McLennan County, Texas",503,170,453,163,330,160,123,96,50,44
0500000US48329,48329,"Midland County, Texas",343,165,245,143,147,109,98,98,98,85
0500000US48339,48339,"Montgomery County, Texas",595,189,438,156,382,147,56,48,157,120
0500000US48349,48349,"Navarro County, Texas",216,141,173,108,74,64,99,90,43,68
0500000US48355,48355,"Nueces County, Texas",412,177,219,131,185,122,34,38,193,167
0500000US48373,48373,"Polk County, Texas",191,87,104,59,63,46,41,40,87,67
0500000US48375,48375,"Potter County, Texas",263,119,160,83,137,81,23,27,103,93
0500000US48381,48381,"Randall County, Texas",244,94,117,65,86,52,31,40,127,73
0500000US48423,48423,"Smith County, Texas",219,129,165,109,152,110,13,21,54,45
0500000US48439,48439,"Tarrant County, Texas",3340,477,2225,390,1761,369,464,222,1115,334
0500000US48451,48451,"Tom Green County, Texas",383,169,218,150,195,151,23,38,165,100
0500000US48453,48453,"Travis County, Texas",1899,459,1226,384,667,291,559,261,673,282
0500000US48467,48467,"Van Zandt County, Texas",158,52,87,43,67,39,20,27,71,46
0500000US48479,48479,"Webb County, Texas",236,128,163,97,133,90,30,34,73,60
0500000US48485,48485,"Wichita County, Texas",701,184,480,171,428,166,52,68,221,114
0500000US48491,48491,"Williamson County, Texas",502,189,367,133,291,128,76,62,135,130
0500000US49003,49003,"Box Elder County, Utah",114,65,56,40,40,37,16,28,58,58
0500000US49011,49011,"Davis County, Utah",556,224,391,170,287,155,104,96,165,166
0500000US49021,49021,"Iron County, Utah",303,129,288,123,188,110,100,69,15,22
0500000US49035,49035,"Salt Lake County, Utah",2082,486,1139,316,658,229,481,250,943,400
0500000US49045,49045,"Tooele County, Utah",276,133,202,114,126,102,76,69,74,95
0500000US49047,49047,"Uintah County, Utah",646,159,518,147,210,83,308,124,128,102
0500000US49049,49049,"Utah County, Utah",660,218,432,160,362,156,70,74,228,146
0500000US49053,49053,"Washington County, Utah",463,163,463,163,301,212,162,117,0,151
0500000US49057,49057,"Weber County, Utah",567,180,347,211,208,121,139,147,220,141
0500000US51013,51013,"Arlington County, Virginia",301,135,131,73,77,63,54,48,170,109
0500000US51041,51041,"Chesterfield County, Virginia",347,134,192,134,124,110,68,77,155,137
0500000US51059,51059,"Fairfax County, Virginia",1243,336,1004,318,695,257,309,171,239,95
0500000US51087,51087,"Henrico County, Virginia",523,122,416,130,211,88,205,109,107,71
0500000US51153,51153,"Prince William County, Virginia",544,198,434,190,264,159,170,139,110,88
0500000US51550,51550,"Chesapeake city, Virginia",389,155,361,151,258,116,103,99,28,46
0500000US51710,51710,"Norfolk city, Virginia",406,149,239,140,181,142,58,54,167,102
0500000US51760,51760,"Richmond city, Virginia",344,159,197,129,10,20,187,128,147,98
0500000US51810,51810,"Virginia Beach city, Virginia",308,133,196,111,130,95,66,61,112,96
0500000US53005,53005,"Benton County, Washington",528,196,350,168,303,164,47,45,178,112
0500000US53009,53009,"Clallam County, Washington",1062,158,802,140,337,107,465,120,260,116
0500000US53011,53011,"Clark County, Washington",823,250,610,215,436,168,174,87,213,140
0500000US53015,53015,"Cowlitz County, Washington",310,122,192,79,102,64,90,67,118,94
0500000US53025,53025,"Grant County, Washington",243,123,192,121,59,56,133,112,51,42
0500000US53027,53027,"Grays Harbor County, Washington",1038,162,644,144,276,124,368,120,394,137
0500000US53029,53029,"Island County, Washington",173,108,85,61,85,61,0,158,88,84
0500000US53031,53031,"Jefferson County, Washington",97,55,95,53,65,51,30,25,2,6
0500000US53033,53033,"King County, Washington",5660,730,3041,524,1714,406,1327,350,2619,536
0500000US53035,53035,"Kitsap County, Washington",1382,242,942,220,655,202,287,130,440,206
0500000US53039,53039,"Klickitat County, Washington",384,161,313,134,78,68,235,146,71,102
0500000US53045,53045,"Mason County, Washington",724,187,405,137,251,107,154,75,319,127
0500000US53047,53047,"Okanogan County, Washington",1141,223,753,190,302,138,451,171,388,163
0500000US53053,53053,"Pierce County, Washington",2930,508,1892,386,1060,292,832,281,1038,319
0500000US53057,53057,"Skagit County, Washington",571,113,312,99,200,80,112,58,259,106
0500000US53061,53061,"Snohomish County, Washington",2979,337,2067,308,1375,244,692,207,912,221
0500000US53063,53063,"Spokane County, Washington",1762,313,1088,282,512,192,576,218,674,178
0500000US53065,53065,"Stevens County, Washington",669,109,431,102,187,71,244,93,238,87
0500000US53067,53067,"Thurston County, Washington",1409,287,1150,285,760,181,390,194,259,153
0500000US53071,53071,"Walla Walla County, Washington",161,119,40,32,40,32,0,158,121,107
0500000US53073,53073,"Whatcom County, Washington",1605,245,1096,232,507,123,589,194,509,172
0500000US53077,53077,"Yakima County, Washington",2414,382,1931,332,722,226,1209,298,483,182
0500000US54019,54019,"Fayette County, West Virginia",101,38,67,40,16,22,51,45,34,30
0500000US55005,55005,"Barron County, Wisconsin",153,59,86,50,6,10,80,50,67,51
0500000US55009,55009,"Brown County, Wisconsin",1816,251,1321,193,651,178,670,191,495,154
0500000US55025,55025,"Dane County, Wisconsin",432,140,221,88,187,74,34,39,211,114
0500000US55031,55031,"Douglas County, Wisconsin",360,124,203,78,107,73,96,54,157,103
0500000US55057,55057,"Juneau County, Wisconsin",297,114,281,112,103,94,178,86,16,23
0500000US55079,55079,"Milwaukee County, Wisconsin",2112,321,1323,223,516,166,807,193,789,248
0500000US55081,55081,"Monroe County, Wisconsin",170,53,111,59,75,50,36,34,59,43
0500000US55083,55083,"Oconto County, Wisconsin",170,65,121,53,101,52,20,26,49,44
0500000US55087,55087,"Outagamie County, Wisconsin",837,154,667,146,415,106,252,102,170,95
0500000US55095,55095,"Polk County, Wisconsin",231,43,216,47,72,34,144,64,15,16
0500000US55105,55105,"Rock County, Wisconsin",166,95,73,54,35,42,38,35,93,82
0500000US55111,55111,"Sauk County, Wisconsin",212,47,168,62,81,70,87,57,44,54
0500000US55115,55115,"Shawano County, Wisconsin",1119,147,760,133,408,84,352,108,359,129
0500000US55125,55125,"Vilas County, Wisconsin",760,158,582,144,115,54,467,139,178,75
0500000US55133,55133,"Waukesha County, Wisconsin",278,114,188,73,122,60,66,51,90,75
0500000US55141,55141,"Wood County, Wisconsin",175,66,137,59,118,57,19,18,38,31
0500000US56013,56013,"Fremont County, Wyoming",2047,269,1615,245,726,205,889,209,432,152
0500000US56021,56021,"Laramie County, Wyoming",310,148,289,145,64,59,225,136,21,37
0500000US56025,56025,"Natrona County, Wyoming",229,120,86,75,57,57,29,51,143,99
0500000US72021,72021,"Bayamón Municipio, Puerto Rico",206,100,165,80,117,74,48,38,41,50
0500000US72113,72113,"Ponce Municipio, Puerto Rico",126,81,42,41,42,41,0,165,84,73
0500000US72127,72127,"San Juan Municipio, Puerto Rico",708,203,467,168,280,130,187,96,241,112
