GEO.id,GEO.id2,GEO.display-label,HD01_VD01,HD02_VD01
Id,Id2,Geography,Estimate; Median nonfamily household income in the past 12 months (in 2008 inflation-adjusted dollars),Margin of Error; Median nonfamily household income in the past 12 months (in 2008 inflation-adjusted dollars)
0500000US01001,01001,"Autauga County, Alabama",61723,15615
0500000US01005,01005,"Barbour County, Alabama",-,**
0500000US01007,01007,"Bibb County, Alabama",-,**
0500000US01009,01009,"Blount County, Alabama",85380,32929
0500000US01013,01013,"Butler County, Alabama",-,**
0500000US01015,01015,"Calhoun County, Alabama",13750,8709
0500000US01017,01017,"Chambers County, Alabama",-,**
0500000US01019,01019,"Cherokee County, Alabama",-,**
0500000US01021,01021,"Chilton County, Alabama",-,**
0500000US01025,01025,"Clarke County, Alabama",-,**
0500000US01039,01039,"Covington County, Alabama",-,**
0500000US01043,01043,"Cullman County, Alabama",28650,967
0500000US01047,01047,"Dallas County, Alabama",-,**
0500000US01049,01049,"DeKalb County, Alabama",63500,14455
0500000US01051,01051,"Elmore County, Alabama",-,**
0500000US01053,01053,"Escambia County, Alabama",32939,2030
0500000US01055,01055,"Etowah County, Alabama",9118,4408
0500000US01061,01061,"Geneva County, Alabama",28500,19138
0500000US01073,01073,"Jefferson County, Alabama",40306,15198
0500000US01079,01079,"Lawrence County, Alabama",52339,2110
0500000US01083,01083,"Limestone County, Alabama",10691,1322
0500000US01087,01087,"Macon County, Alabama",-,**
0500000US01089,01089,"Madison County, Alabama",22571,4558
0500000US01091,01091,"Marengo County, Alabama",-,**
0500000US01093,01093,"Marion County, Alabama",50682,6911
0500000US01095,01095,"Marshall County, Alabama",27212,6642
0500000US01101,01101,"Montgomery County, Alabama",-,**
0500000US01109,01109,"Pike County, Alabama",-,**
0500000US01111,01111,"Randolph County, Alabama",-,**
0500000US01113,01113,"Russell County, Alabama","2,500-",***
0500000US01115,01115,"St. Clair County, Alabama",22000,11826
0500000US01117,01117,"Shelby County, Alabama",37772,23321
0500000US01121,01121,"Talladega County, Alabama",-,**
0500000US01123,01123,"Tallapoosa County, Alabama",-,**
0500000US01127,01127,"Walker County, Alabama",-,**
0500000US01133,01133,"Winston County, Alabama",-,**
0500000US02020,02020,"Anchorage Municipality, Alaska",28375,9627
0500000US02110,02110,"Juneau City and Borough, Alaska",39695,22451
0500000US02170,02170,"Matanuska-Susitna Borough, Alaska",38487,34061
0500000US04001,04001,"Apache County, Arizona",8988,700
0500000US04003,04003,"Cochise County, Arizona",34127,19737
0500000US04005,04005,"Coconino County, Arizona",25868,13020
0500000US04009,04009,"Graham County, Arizona",6303,1492
0500000US04013,04013,"Maricopa County, Arizona",31073,3895
0500000US04015,04015,"Mohave County, Arizona",17679,11465
0500000US04017,04017,"Navajo County, Arizona",11837,5132
0500000US04019,04019,"Pima County, Arizona",19496,4265
0500000US04021,04021,"Pinal County, Arizona",25625,25659
0500000US04023,04023,"Santa Cruz County, Arizona",-,**
0500000US04025,04025,"Yavapai County, Arizona",25478,10128
0500000US05003,05003,"Ashley County, Arkansas",-,**
0500000US05005,05005,"Baxter County, Arkansas",-,**
0500000US05007,05007,"Benton County, Arkansas",41550,9863
0500000US05009,05009,"Boone County, Arkansas",-,**
0500000US05019,05019,"Clark County, Arkansas",-,**
0500000US05023,05023,"Cleburne County, Arkansas",-,**
0500000US05027,05027,"Columbia County, Arkansas",-,**
0500000US05029,05029,"Conway County, Arkansas",-,**
0500000US05031,05031,"Craighead County, Arkansas",-,**
0500000US05033,05033,"Crawford County, Arkansas",-,**
0500000US05035,05035,"Crittenden County, Arkansas",-,**
0500000US05045,05045,"Faulkner County, Arkansas",25975,3653
0500000US05051,05051,"Garland County, Arkansas","2,500-",***
0500000US05055,05055,"Greene County, Arkansas",80303,62294
0500000US05057,05057,"Hempstead County, Arkansas",-,**
0500000US05059,05059,"Hot Spring County, Arkansas",-,**
0500000US05069,05069,"Jefferson County, Arkansas",28750,21239
0500000US05071,05071,"Johnson County, Arkansas",-,**
0500000US05083,05083,"Logan County, Arkansas",11650,10153
0500000US05085,05085,"Lonoke County, Arkansas",-,**
0500000US05091,05091,"Miller County, Arkansas",-,**
0500000US05093,05093,"Mississippi County, Arkansas",-,**
0500000US05103,05103,"Ouachita County, Arkansas",-,**
0500000US05107,05107,"Phillips County, Arkansas",-,**
0500000US05111,05111,"Poinsett County, Arkansas",-,**
0500000US05113,05113,"Polk County, Arkansas",-,**
0500000US05115,05115,"Pope County, Arkansas",9107,5298
0500000US05123,05123,"St. Francis County, Arkansas",-,**
0500000US05125,05125,"Saline County, Arkansas",-,**
0500000US05139,05139,"Union County, Arkansas",-,**
0500000US05143,05143,"Washington County, Arkansas",36658,10323
0500000US05145,05145,"White County, Arkansas",-,**
0500000US05149,05149,"Yell County, Arkansas",-,**
0500000US06001,06001,"Alameda County, California",28699,12954
0500000US06005,06005,"Amador County, California",-,**
0500000US06007,06007,"Butte County, California",26042,12026
0500000US06013,06013,"Contra Costa County, California",41450,19790
0500000US06019,06019,"Fresno County, California",20722,5332
0500000US06023,06023,"Humboldt County, California",19116,13101
0500000US06029,06029,"Kern County, California",19162,5168
0500000US06031,06031,"Kings County, California",50323,29233
0500000US06033,06033,"Lake County, California",46500,20120
0500000US06035,06035,"Lassen County, California",26510,2955
0500000US06037,06037,"Los Angeles County, California",33355,5054
0500000US06039,06039,"Madera County, California",23450,14481
0500000US06045,06045,"Mendocino County, California",19139,4738
0500000US06047,06047,"Merced County, California",11581,892
0500000US06055,06055,"Napa County, California",38976,24957
0500000US06059,06059,"Orange County, California",43996,18772
0500000US06061,06061,"Placer County, California",48846,45504
0500000US06063,06063,"Plumas County, California",-,**
0500000US06065,06065,"Riverside County, California",40080,6585
0500000US06067,06067,"Sacramento County, California",26206,5390
0500000US06069,06069,"San Benito County, California",33750,5863
0500000US06071,06071,"San Bernardino County, California",31828,10521
0500000US06073,06073,"San Diego County, California",31749,6371
0500000US06075,06075,"San Francisco County, California",19899,15697
0500000US06077,06077,"San Joaquin County, California",16322,5101
0500000US06081,06081,"San Mateo County, California",102615,79474
0500000US06085,06085,"Santa Clara County, California",51005,20957
0500000US06089,06089,"Shasta County, California",12692,6262
0500000US06093,06093,"Siskiyou County, California",11094,4333
0500000US06095,06095,"Solano County, California",69563,68549
0500000US06097,06097,"Sonoma County, California",21636,20549
0500000US06099,06099,"Stanislaus County, California",35054,12767
0500000US06101,06101,"Sutter County, California",35640,12991
0500000US06103,06103,"Tehama County, California",19182,3109
0500000US06107,06107,"Tulare County, California",28875,5918
0500000US06111,06111,"Ventura County, California",39299,18707
0500000US08001,08001,"Adams County, Colorado",27875,19775
0500000US08005,08005,"Arapahoe County, Colorado",29396,18965
0500000US08013,08013,"Boulder County, Colorado",50457,20573
0500000US08014,08014,"Broomfield County, Colorado",-,**
0500000US08029,08029,"Delta County, Colorado",-,**
0500000US08031,08031,"Denver County, Colorado",17410,12487
0500000US08035,08035,"Douglas County, Colorado",-,**
0500000US08037,08037,"Eagle County, Colorado",-,**
0500000US08039,08039,"Elbert County, Colorado",-,**
0500000US08041,08041,"El Paso County, Colorado",29974,12674
0500000US08043,08043,"Fremont County, Colorado",21224,5785
0500000US08045,08045,"Garfield County, Colorado",-,**
0500000US08059,08059,"Jefferson County, Colorado",45316,15030
0500000US08067,08067,"La Plata County, Colorado",30221,19743
0500000US08075,08075,"Logan County, Colorado","2,500-",***
0500000US08077,08077,"Mesa County, Colorado",5563,5484
0500000US08083,08083,"Montezuma County, Colorado",47639,8298
0500000US08085,08085,"Montrose County, Colorado",-,**
0500000US08087,08087,"Morgan County, Colorado",-,**
0500000US08101,08101,"Pueblo County, Colorado",14424,8134
0500000US08107,08107,"Routt County, Colorado",-,**
0500000US08117,08117,"Summit County, Colorado",-,**
0500000US08119,08119,"Teller County, Colorado",-,**
0500000US08123,08123,"Weld County, Colorado",24391,3113
0500000US09001,09001,"Fairfield County, Connecticut",36687,12498
0500000US09003,09003,"Hartford County, Connecticut",30511,3313
0500000US09005,09005,"Litchfield County, Connecticut",12772,9518
0500000US09007,09007,"Middlesex County, Connecticut",-,**
0500000US09011,09011,"New London County, Connecticut",38295,10974
0500000US09013,09013,"Tolland County, Connecticut",-,**
0500000US09015,09015,"Windham County, Connecticut",-,**
0500000US10001,10001,"Kent County, Delaware",13539,2689
0500000US10003,10003,"New Castle County, Delaware",24102,17921
0500000US10005,10005,"Sussex County, Delaware",25417,14788
0500000US11001,11001,"District of Columbia, District of Columbia",63929,42987
0500000US12003,12003,"Baker County, Florida",-,**
0500000US12005,12005,"Bay County, Florida",36845,4646
0500000US12007,12007,"Bradford County, Florida",-,**
0500000US12011,12011,"Broward County, Florida",73549,69310
0500000US12019,12019,"Clay County, Florida","2,500-",***
0500000US12021,12021,"Collier County, Florida",9615,5693
0500000US12023,12023,"Columbia County, Florida",-,**
0500000US12027,12027,"DeSoto County, Florida",-,**
0500000US12033,12033,"Escambia County, Florida",37560,16546
0500000US12035,12035,"Flagler County, Florida",-,**
0500000US12039,12039,"Gadsden County, Florida",45485,19410
0500000US12049,12049,"Hardee County, Florida",-,**
0500000US12051,12051,"Hendry County, Florida",-,**
0500000US12057,12057,"Hillsborough County, Florida",25977,10183
0500000US12061,12061,"Indian River County, Florida",23286,10619
0500000US12069,12069,"Lake County, Florida",9458,5663
0500000US12071,12071,"Lee County, Florida",53512,34104
0500000US12085,12085,"Martin County, Florida",25363,15568
0500000US12086,12086,"Miami-Dade County, Florida",25238,16537
0500000US12087,12087,"Monroe County, Florida",-,**
0500000US12089,12089,"Nassau County, Florida",-,**
0500000US12091,12091,"Okaloosa County, Florida",30061,14589
0500000US12093,12093,"Okeechobee County, Florida",25268,21542
0500000US12097,12097,"Osceola County, Florida",40250,19639
0500000US12099,12099,"Palm Beach County, Florida",42034,17077
0500000US12103,12103,"Pinellas County, Florida",25586,11611
0500000US12105,12105,"Polk County, Florida",31976,17390
0500000US12107,12107,"Putnam County, Florida",-,**
0500000US12109,12109,"St. Johns County, Florida",-,**
0500000US12111,12111,"St. Lucie County, Florida",-,**
0500000US12115,12115,"Sarasota County, Florida",27708,13180
0500000US12119,12119,"Sumter County, Florida",-,**
0500000US12121,12121,"Suwannee County, Florida",-,**
0500000US12123,12123,"Taylor County, Florida",-,**
0500000US12129,12129,"Wakulla County, Florida",-,**
0500000US12131,12131,"Walton County, Florida",-,**
0500000US12133,12133,"Washington County, Florida",70543,6006
0500000US13009,13009,"Baldwin County, Georgia",-,**
0500000US13013,13013,"Barrow County, Georgia",-,**
0500000US13029,13029,"Bryan County, Georgia",-,**
0500000US13031,13031,"Bulloch County, Georgia",-,**
0500000US13033,13033,"Burke County, Georgia",-,**
0500000US13035,13035,"Butts County, Georgia",-,**
0500000US13039,13039,"Camden County, Georgia",-,**
0500000US13047,13047,"Catoosa County, Georgia","2,500-",***
0500000US13055,13055,"Chattooga County, Georgia",-,**
0500000US13057,13057,"Cherokee County, Georgia",-,**
0500000US13059,13059,"Clarke County, Georgia",-,**
0500000US13069,13069,"Coffee County, Georgia",-,**
0500000US13071,13071,"Colquitt County, Georgia",-,**
0500000US13073,13073,"Columbia County, Georgia",-,**
0500000US13077,13077,"Coweta County, Georgia",-,**
0500000US13081,13081,"Crisp County, Georgia",-,**
0500000US13085,13085,"Dawson County, Georgia",-,**
0500000US13087,13087,"Decatur County, Georgia",-,**
0500000US13089,13089,"DeKalb County, Georgia",42885,37433
0500000US13091,13091,"Dodge County, Georgia",-,**
0500000US13095,13095,"Dougherty County, Georgia","2,500-",***
0500000US13097,13097,"Douglas County, Georgia",-,**
0500000US13103,13103,"Effingham County, Georgia",-,**
0500000US13105,13105,"Elbert County, Georgia",-,**
0500000US13107,13107,"Emanuel County, Georgia",-,**
0500000US13111,13111,"Fannin County, Georgia",-,**
0500000US13113,13113,"Fayette County, Georgia",-,**
0500000US13115,13115,"Floyd County, Georgia",-,**
0500000US13117,13117,"Forsyth County, Georgia",-,**
0500000US13119,13119,"Franklin County, Georgia",-,**
0500000US13121,13121,"Fulton County, Georgia",16205,15563
0500000US13123,13123,"Gilmer County, Georgia",-,**
0500000US13127,13127,"Glynn County, Georgia",-,**
0500000US13129,13129,"Gordon County, Georgia",-,**
0500000US13131,13131,"Grady County, Georgia",-,**
0500000US13135,13135,"Gwinnett County, Georgia",43451,930
0500000US13137,13137,"Habersham County, Georgia",-,**
0500000US13143,13143,"Haralson County, Georgia",-,**
0500000US13145,13145,"Harris County, Georgia",-,**
0500000US13147,13147,"Hart County, Georgia",-,**
0500000US13151,13151,"Henry County, Georgia",-,**
0500000US13157,13157,"Jackson County, Georgia",-,**
0500000US13169,13169,"Jones County, Georgia",-,**
0500000US13177,13177,"Lee County, Georgia",-,**
0500000US13185,13185,"Lowndes County, Georgia",-,**
0500000US13187,13187,"Lumpkin County, Georgia",-,**
0500000US13189,13189,"McDuffie County, Georgia",-,**
0500000US13195,13195,"Madison County, Georgia",-,**
0500000US13199,13199,"Meriwether County, Georgia",-,**
0500000US13205,13205,"Mitchell County, Georgia",-,**
0500000US13207,13207,"Monroe County, Georgia",-,**
0500000US13213,13213,"Murray County, Georgia",-,**
0500000US13217,13217,"Newton County, Georgia",-,**
0500000US13219,13219,"Oconee County, Georgia",-,**
0500000US13223,13223,"Paulding County, Georgia",30594,17888
0500000US13225,13225,"Peach County, Georgia",-,**
0500000US13227,13227,"Pickens County, Georgia",-,**
0500000US13233,13233,"Polk County, Georgia",-,**
0500000US13237,13237,"Putnam County, Georgia",-,**
0500000US13245,13245,"Richmond County, Georgia",42607,34248
0500000US13247,13247,"Rockdale County, Georgia",-,**
0500000US13255,13255,"Spalding County, Georgia",-,**
0500000US13257,13257,"Stephens County, Georgia",-,**
0500000US13261,13261,"Sumter County, Georgia",-,**
0500000US13267,13267,"Tattnall County, Georgia",-,**
0500000US13275,13275,"Thomas County, Georgia",-,**
0500000US13277,13277,"Tift County, Georgia",9306,5391
0500000US13279,13279,"Toombs County, Georgia",-,**
0500000US13285,13285,"Troup County, Georgia",-,**
0500000US13291,13291,"Union County, Georgia",-,**
0500000US13293,13293,"Upson County, Georgia",-,**
0500000US13295,13295,"Walker County, Georgia",-,**
0500000US13297,13297,"Walton County, Georgia",-,**
0500000US13299,13299,"Ware County, Georgia",-,**
0500000US13303,13303,"Washington County, Georgia",-,**
0500000US13305,13305,"Wayne County, Georgia",-,**
0500000US13311,13311,"White County, Georgia",-,**
0500000US13313,13313,"Whitfield County, Georgia",-,**
0500000US13321,13321,"Worth County, Georgia",-,**
0500000US15007,15007,"Kauai County, Hawaii",-,**
0500000US15009,15009,"Maui County, Hawaii",25750,4330
0500000US16001,16001,"Ada County, Idaho",27333,18697
0500000US16005,16005,"Bannock County, Idaho",39183,16554
0500000US16013,16013,"Blaine County, Idaho",-,**
0500000US16019,16019,"Bonneville County, Idaho",-,**
0500000US16027,16027,"Canyon County, Idaho",-,**
0500000US16031,16031,"Cassia County, Idaho",-,**
0500000US16039,16039,"Elmore County, Idaho",18271,12056
0500000US16051,16051,"Jefferson County, Idaho",27578,22415
0500000US16053,16053,"Jerome County, Idaho",-,**
0500000US16057,16057,"Latah County, Idaho",-,**
0500000US16065,16065,"Madison County, Idaho",35685,14508
0500000US16083,16083,"Twin Falls County, Idaho",31250,26544
0500000US17001,17001,"Adams County, Illinois","2,500-",***
0500000US17007,17007,"Boone County, Illinois",-,**
0500000US17011,17011,"Bureau County, Illinois",-,**
0500000US17021,17021,"Christian County, Illinois",-,**
0500000US17027,17027,"Clinton County, Illinois","2,500-",***
0500000US17029,17029,"Coles County, Illinois",-,**
0500000US17031,17031,"Cook County, Illinois",30208,13997
0500000US17037,17037,"DeKalb County, Illinois",-,**
0500000US17043,17043,"DuPage County, Illinois",49184,9829
0500000US17049,17049,"Effingham County, Illinois",-,**
0500000US17051,17051,"Fayette County, Illinois",-,**
0500000US17055,17055,"Franklin County, Illinois",22283,6583
0500000US17057,17057,"Fulton County, Illinois",-,**
0500000US17063,17063,"Grundy County, Illinois",-,**
0500000US17073,17073,"Henry County, Illinois",-,**
0500000US17075,17075,"Iroquois County, Illinois",-,**
0500000US17077,17077,"Jackson County, Illinois",-,**
0500000US17081,17081,"Jefferson County, Illinois",35750,17941
0500000US17083,17083,"Jersey County, Illinois",-,**
0500000US17085,17085,"Jo Daviess County, Illinois",-,**
0500000US17093,17093,"Kendall County, Illinois",16366,661
0500000US17095,17095,"Knox County, Illinois",-,**
0500000US17097,17097,"Lake County, Illinois",-,**
0500000US17099,17099,"LaSalle County, Illinois",-,**
0500000US17103,17103,"Lee County, Illinois",22813,2001
0500000US17105,17105,"Livingston County, Illinois",-,**
0500000US17107,17107,"Logan County, Illinois",-,**
0500000US17109,17109,"McDonough County, Illinois",-,**
0500000US17111,17111,"McHenry County, Illinois",-,**
0500000US17113,17113,"McLean County, Illinois",-,**
0500000US17115,17115,"Macon County, Illinois",21250,19500
0500000US17117,17117,"Macoupin County, Illinois",15714,8493
0500000US17121,17121,"Marion County, Illinois",20885,7243
0500000US17133,17133,"Monroe County, Illinois",-,**
0500000US17135,17135,"Montgomery County, Illinois",-,**
0500000US17137,17137,"Morgan County, Illinois",-,**
0500000US17141,17141,"Ogle County, Illinois",-,**
0500000US17143,17143,"Peoria County, Illinois",13598,3584
0500000US17145,17145,"Perry County, Illinois",-,**
0500000US17157,17157,"Randolph County, Illinois",-,**
0500000US17163,17163,"St. Clair County, Illinois",18625,8164
0500000US17165,17165,"Saline County, Illinois",-,**
0500000US17173,17173,"Shelby County, Illinois",-,**
0500000US17177,17177,"Stephenson County, Illinois",-,**
0500000US17179,17179,"Tazewell County, Illinois","2,500-",***
0500000US17183,17183,"Vermilion County, Illinois",-,**
0500000US17195,17195,"Whiteside County, Illinois",-,**
0500000US17197,17197,"Will County, Illinois",45417,5686
0500000US17199,17199,"Williamson County, Illinois",25809,4513
0500000US17201,17201,"Winnebago County, Illinois",45423,15619
0500000US17203,17203,"Woodford County, Illinois",-,**
0500000US18001,18001,"Adams County, Indiana",-,**
0500000US18003,18003,"Allen County, Indiana",13224,4190
0500000US18011,18011,"Boone County, Indiana",-,**
0500000US18017,18017,"Cass County, Indiana",-,**
0500000US18021,18021,"Clay County, Indiana",-,**
0500000US18023,18023,"Clinton County, Indiana",-,**
0500000US18027,18027,"Daviess County, Indiana",-,**
0500000US18029,18029,"Dearborn County, Indiana",-,**
0500000US18031,18031,"Decatur County, Indiana",-,**
0500000US18033,18033,"DeKalb County, Indiana",-,**
0500000US18035,18035,"Delaware County, Indiana",13056,10394
0500000US18037,18037,"Dubois County, Indiana",-,**
0500000US18041,18041,"Fayette County, Indiana",-,**
0500000US18043,18043,"Floyd County, Indiana",-,**
0500000US18047,18047,"Franklin County, Indiana",-,**
0500000US18049,18049,"Fulton County, Indiana",-,**
0500000US18051,18051,"Gibson County, Indiana",-,**
0500000US18055,18055,"Greene County, Indiana",-,**
0500000US18057,18057,"Hamilton County, Indiana",-,**
0500000US18059,18059,"Hancock County, Indiana",-,**
0500000US18061,18061,"Harrison County, Indiana",-,**
0500000US18063,18063,"Hendricks County, Indiana",-,**
0500000US18067,18067,"Howard County, Indiana",-,**
0500000US18069,18069,"Huntington County, Indiana",-,**
0500000US18071,18071,"Jackson County, Indiana",-,**
0500000US18073,18073,"Jasper County, Indiana",-,**
0500000US18075,18075,"Jay County, Indiana",-,**
0500000US18077,18077,"Jefferson County, Indiana",-,**
0500000US18079,18079,"Jennings County, Indiana",-,**
0500000US18081,18081,"Johnson County, Indiana","2,500-",***
0500000US18083,18083,"Knox County, Indiana",-,**
0500000US18085,18085,"Kosciusko County, Indiana",-,**
0500000US18087,18087,"LaGrange County, Indiana",-,**
0500000US18089,18089,"Lake County, Indiana",10970,1666
0500000US18091,18091,"LaPorte County, Indiana",-,**
0500000US18093,18093,"Lawrence County, Indiana",27500,17840
0500000US18097,18097,"Marion County, Indiana",67188,38205
0500000US18099,18099,"Marshall County, Indiana",-,**
0500000US18103,18103,"Miami County, Indiana",-,**
0500000US18107,18107,"Montgomery County, Indiana",-,**
0500000US18113,18113,"Noble County, Indiana",-,**
0500000US18119,18119,"Owen County, Indiana",-,**
0500000US18127,18127,"Porter County, Indiana",-,**
0500000US18129,18129,"Posey County, Indiana",-,**
0500000US18133,18133,"Putnam County, Indiana",-,**
0500000US18135,18135,"Randolph County, Indiana",-,**
0500000US18137,18137,"Ripley County, Indiana",-,**
0500000US18141,18141,"St. Joseph County, Indiana",25750,19200
0500000US18143,18143,"Scott County, Indiana",-,**
0500000US18145,18145,"Shelby County, Indiana",-,**
0500000US18147,18147,"Spencer County, Indiana",-,**
0500000US18149,18149,"Starke County, Indiana",32308,6706
0500000US18151,18151,"Steuben County, Indiana",-,**
0500000US18153,18153,"Sullivan County, Indiana",-,**
0500000US18157,18157,"Tippecanoe County, Indiana",-,**
0500000US18167,18167,"Vigo County, Indiana",-,**
0500000US18169,18169,"Wabash County, Indiana",-,**
0500000US18173,18173,"Warrick County, Indiana",-,**
0500000US18175,18175,"Washington County, Indiana",-,**
0500000US18177,18177,"Wayne County, Indiana",-,**
0500000US18179,18179,"Wells County, Indiana",-,**
0500000US18181,18181,"White County, Indiana",12500,9756
0500000US18183,18183,"Whitley County, Indiana",-,**
0500000US19011,19011,"Benton County, Iowa",-,**
0500000US19013,19013,"Black Hawk County, Iowa",42688,34279
0500000US19015,19015,"Boone County, Iowa","2,500-",***
0500000US19017,19017,"Bremer County, Iowa",-,**
0500000US19019,19019,"Buchanan County, Iowa",-,**
0500000US19027,19027,"Carroll County, Iowa",-,**
0500000US19033,19033,"Cerro Gordo County, Iowa",-,**
0500000US19045,19045,"Clinton County, Iowa",-,**
0500000US19049,19049,"Dallas County, Iowa",-,**
0500000US19057,19057,"Des Moines County, Iowa",-,**
0500000US19061,19061,"Dubuque County, Iowa",-,**
0500000US19065,19065,"Fayette County, Iowa",-,**
0500000US19087,19087,"Henry County, Iowa",-,**
0500000US19097,19097,"Jackson County, Iowa",-,**
0500000US19099,19099,"Jasper County, Iowa",-,**
0500000US19103,19103,"Johnson County, Iowa",-,**
0500000US19105,19105,"Jones County, Iowa",-,**
0500000US19111,19111,"Lee County, Iowa",-,**
0500000US19113,19113,"Linn County, Iowa",-,**
0500000US19123,19123,"Mahaska County, Iowa",-,**
0500000US19125,19125,"Marion County, Iowa",-,**
0500000US19127,19127,"Marshall County, Iowa",-,**
0500000US19139,19139,"Muscatine County, Iowa","2,500-",***
0500000US19149,19149,"Plymouth County, Iowa",-,**
0500000US19155,19155,"Pottawattamie County, Iowa",-,**
0500000US19167,19167,"Sioux County, Iowa",-,**
0500000US19179,19179,"Wapello County, Iowa",-,**
0500000US19181,19181,"Warren County, Iowa",-,**
0500000US19183,19183,"Washington County, Iowa",-,**
0500000US19187,19187,"Webster County, Iowa",-,**
0500000US19191,19191,"Winneshiek County, Iowa",-,**
0500000US19193,19193,"Woodbury County, Iowa",20843,12720
0500000US20009,20009,"Barton County, Kansas",30600,4404
0500000US20015,20015,"Butler County, Kansas",-,**
0500000US20037,20037,"Crawford County, Kansas",-,**
0500000US20051,20051,"Ellis County, Kansas",-,**
0500000US20055,20055,"Finney County, Kansas",10900,1433
0500000US20057,20057,"Ford County, Kansas",-,**
0500000US20059,20059,"Franklin County, Kansas",41042,31186
0500000US20061,20061,"Geary County, Kansas",-,**
0500000US20079,20079,"Harvey County, Kansas",32917,18695
0500000US20091,20091,"Johnson County, Kansas",42733,7088
0500000US20111,20111,"Lyon County, Kansas",-,**
0500000US20121,20121,"Miami County, Kansas",-,**
0500000US20161,20161,"Riley County, Kansas",-,**
0500000US20169,20169,"Saline County, Kansas",-,**
0500000US20173,20173,"Sedgwick County, Kansas",30000,14905
0500000US20191,20191,"Sumner County, Kansas",30515,26710
0500000US21005,21005,"Anderson County, Kentucky",-,**
0500000US21009,21009,"Barren County, Kentucky",-,**
0500000US21013,21013,"Bell County, Kentucky",-,**
0500000US21015,21015,"Boone County, Kentucky",-,**
0500000US21019,21019,"Boyd County, Kentucky",-,**
0500000US21021,21021,"Boyle County, Kentucky",-,**
0500000US21029,21029,"Bullitt County, Kentucky",-,**
0500000US21035,21035,"Calloway County, Kentucky",-,**
0500000US21037,21037,"Campbell County, Kentucky",-,**
0500000US21043,21043,"Carter County, Kentucky",-,**
0500000US21047,21047,"Christian County, Kentucky",-,**
0500000US21049,21049,"Clark County, Kentucky","2,500-",***
0500000US21051,21051,"Clay County, Kentucky",-,**
0500000US21071,21071,"Floyd County, Kentucky",-,**
0500000US21073,21073,"Franklin County, Kentucky",25450,6162
0500000US21081,21081,"Grant County, Kentucky",-,**
0500000US21083,21083,"Graves County, Kentucky",-,**
0500000US21085,21085,"Grayson County, Kentucky",-,**
0500000US21089,21089,"Greenup County, Kentucky",-,**
0500000US21095,21095,"Harlan County, Kentucky",-,**
0500000US21101,21101,"Henderson County, Kentucky",-,**
0500000US21111,21111,"Jefferson County, Kentucky",14938,12478
0500000US21113,21113,"Jessamine County, Kentucky",-,**
0500000US21115,21115,"Johnson County, Kentucky",-,**
0500000US21117,21117,"Kenton County, Kentucky",33724,29676
0500000US21121,21121,"Knox County, Kentucky",-,**
0500000US21125,21125,"Laurel County, Kentucky",-,**
0500000US21133,21133,"Letcher County, Kentucky",9250,5353
0500000US21137,21137,"Lincoln County, Kentucky",-,**
0500000US21141,21141,"Logan County, Kentucky",-,**
0500000US21145,21145,"McCracken County, Kentucky",-,**
0500000US21157,21157,"Marshall County, Kentucky",-,**
0500000US21163,21163,"Meade County, Kentucky",-,**
0500000US21167,21167,"Mercer County, Kentucky",-,**
0500000US21173,21173,"Montgomery County, Kentucky",-,**
0500000US21177,21177,"Muhlenberg County, Kentucky",-,**
0500000US21179,21179,"Nelson County, Kentucky",-,**
0500000US21183,21183,"Ohio County, Kentucky",-,**
0500000US21185,21185,"Oldham County, Kentucky",-,**
0500000US21193,21193,"Perry County, Kentucky",-,**
0500000US21195,21195,"Pike County, Kentucky",-,**
0500000US21199,21199,"Pulaski County, Kentucky",25776,20837
0500000US21205,21205,"Rowan County, Kentucky",-,**
0500000US21209,21209,"Scott County, Kentucky",-,**
0500000US21211,21211,"Shelby County, Kentucky",-,**
0500000US21217,21217,"Taylor County, Kentucky",-,**
0500000US21227,21227,"Warren County, Kentucky",21250,12242
0500000US21231,21231,"Wayne County, Kentucky",-,**
0500000US21235,21235,"Whitley County, Kentucky",-,**
0500000US21239,21239,"Woodford County, Kentucky",-,**
0500000US22001,22001,"Acadia Parish, Louisiana",-,**
0500000US22005,22005,"Ascension Parish, Louisiana",-,**
0500000US22007,22007,"Assumption Parish, Louisiana",-,**
0500000US22009,22009,"Avoyelles Parish, Louisiana",53452,1659
0500000US22011,22011,"Beauregard Parish, Louisiana",47426,7587
0500000US22019,22019,"Calcasieu Parish, Louisiana",-,**
0500000US22031,22031,"De Soto Parish, Louisiana",-,**
0500000US22037,22037,"East Feliciana Parish, Louisiana",-,**
0500000US22039,22039,"Evangeline Parish, Louisiana",-,**
0500000US22041,22041,"Franklin Parish, Louisiana",-,**
0500000US22045,22045,"Iberia Parish, Louisiana",-,**
0500000US22047,22047,"Iberville Parish, Louisiana",-,**
0500000US22051,22051,"Jefferson Parish, Louisiana",37650,31019
0500000US22053,22053,"Jefferson Davis Parish, Louisiana",-,**
0500000US22055,22055,"Lafayette Parish, Louisiana",32668,32028
0500000US22061,22061,"Lincoln Parish, Louisiana",-,**
0500000US22063,22063,"Livingston Parish, Louisiana",-,**
0500000US22067,22067,"Morehouse Parish, Louisiana",-,**
0500000US22069,22069,"Natchitoches Parish, Louisiana",11250,9725
0500000US22071,22071,"Orleans Parish, Louisiana",13199,1628
0500000US22073,22073,"Ouachita Parish, Louisiana",-,**
0500000US22077,22077,"Pointe Coupee Parish, Louisiana",-,**
0500000US22079,22079,"Rapides Parish, Louisiana",39448,8033
0500000US22083,22083,"Richland Parish, Louisiana",-,**
0500000US22085,22085,"Sabine Parish, Louisiana",12604,5566
0500000US22087,22087,"St. Bernard Parish, Louisiana",-,**
0500000US22089,22089,"St. Charles Parish, Louisiana",-,**
0500000US22093,22093,"St. James Parish, Louisiana",-,**
0500000US22095,22095,"St. John the Baptist Parish, Louisiana",-,**
0500000US22099,22099,"St. Martin Parish, Louisiana",-,**
0500000US22103,22103,"St. Tammany Parish, Louisiana",-,**
0500000US22105,22105,"Tangipahoa Parish, Louisiana",-,**
0500000US22109,22109,"Terrebonne Parish, Louisiana",22050,15650
0500000US22111,22111,"Union Parish, Louisiana",-,**
0500000US22113,22113,"Vermilion Parish, Louisiana",-,**
0500000US22115,22115,"Vernon Parish, Louisiana",21250,6422
0500000US22117,22117,"Washington Parish, Louisiana",-,**
0500000US22119,22119,"Webster Parish, Louisiana",-,**
0500000US22121,22121,"West Baton Rouge Parish, Louisiana",-,**
0500000US23007,23007,"Franklin County, Maine",-,**
0500000US23013,23013,"Knox County, Maine",-,**
0500000US23019,23019,"Penobscot County, Maine",10589,986
0500000US23023,23023,"Sagadahoc County, Maine",-,**
0500000US23025,23025,"Somerset County, Maine",6477,1991
0500000US23029,23029,"Washington County, Maine",13333,4711
0500000US24001,24001,"Allegany County, Maryland",-,**
0500000US24005,24005,"Baltimore County, Maryland",32472,18426
0500000US24009,24009,"Calvert County, Maryland",-,**
0500000US24011,24011,"Caroline County, Maryland",-,**
0500000US24013,24013,"Carroll County, Maryland",-,**
0500000US24015,24015,"Cecil County, Maryland",38409,31438
0500000US24017,24017,"Charles County, Maryland",63118,28769
0500000US24019,24019,"Dorchester County, Maryland",-,**
0500000US24021,24021,"Frederick County, Maryland",60057,40876
0500000US24023,24023,"Garrett County, Maryland",-,**
0500000US24027,24027,"Howard County, Maryland",70406,54276
0500000US24029,24029,"Kent County, Maryland",-,**
0500000US24031,24031,"Montgomery County, Maryland",60714,22065
0500000US24035,24035,"Queen Anne's County, Maryland",-,**
0500000US24037,24037,"St. Mary's County, Maryland",35919,4257
0500000US24039,24039,"Somerset County, Maryland",-,**
0500000US24041,24041,"Talbot County, Maryland",-,**
0500000US24043,24043,"Washington County, Maryland",-,**
0500000US24045,24045,"Wicomico County, Maryland",-,**
0500000US24047,24047,"Worcester County, Maryland","2,500-",***
0500000US25001,25001,"Barnstable County, Massachusetts",-,**
0500000US25003,25003,"Berkshire County, Massachusetts",13214,5073
0500000US25009,25009,"Essex County, Massachusetts",11579,6710
0500000US25011,25011,"Franklin County, Massachusetts",-,**
0500000US25013,25013,"Hampden County, Massachusetts",11284,6586
0500000US25015,25015,"Hampshire County, Massachusetts","2,500-",***
0500000US25021,25021,"Norfolk County, Massachusetts",-,**
0500000US25025,25025,"Suffolk County, Massachusetts",15918,2942
0500000US26005,26005,"Allegan County, Michigan",48250,26909
0500000US26007,26007,"Alpena County, Michigan",-,**
0500000US26009,26009,"Antrim County, Michigan",-,**
0500000US26015,26015,"Barry County, Michigan",30250,26113
0500000US26021,26021,"Berrien County, Michigan",8397,5136
0500000US26023,26023,"Branch County, Michigan",23333,16835
0500000US26027,26027,"Cass County, Michigan",28393,12126
0500000US26029,26029,"Charlevoix County, Michigan",43250,21092
0500000US26033,26033,"Chippewa County, Michigan",23929,14940
0500000US26037,26037,"Clinton County, Michigan",41023,35153
0500000US26041,26041,"Delta County, Michigan",50921,15709
0500000US26043,26043,"Dickinson County, Michigan",-,**
0500000US26045,26045,"Eaton County, Michigan",-,**
0500000US26049,26049,"Genesee County, Michigan",23073,13794
0500000US26057,26057,"Gratiot County, Michigan",-,**
0500000US26059,26059,"Hillsdale County, Michigan",-,**
0500000US26061,26061,"Houghton County, Michigan",-,**
0500000US26063,26063,"Huron County, Michigan",-,**
0500000US26067,26067,"Ionia County, Michigan",61193,366
0500000US26075,26075,"Jackson County, Michigan",-,**
0500000US26081,26081,"Kent County, Michigan",11942,3130
0500000US26089,26089,"Leelanau County, Michigan",33833,9283
0500000US26091,26091,"Lenawee County, Michigan",40417,12718
0500000US26099,26099,"Macomb County, Michigan",32449,15116
0500000US26105,26105,"Mason County, Michigan",23438,22224
0500000US26109,26109,"Menominee County, Michigan",15000,13381
0500000US26111,26111,"Midland County, Michigan",-,**
0500000US26117,26117,"Montcalm County, Michigan",10516,1786
0500000US26125,26125,"Oakland County, Michigan",35833,16200
0500000US26129,26129,"Ogemaw County, Michigan",-,**
0500000US26133,26133,"Osceola County, Michigan",-,**
0500000US26137,26137,"Otsego County, Michigan",-,**
0500000US26139,26139,"Ottawa County, Michigan",29773,8588
0500000US26143,26143,"Roscommon County, Michigan",-,**
0500000US26147,26147,"St. Clair County, Michigan",30116,25251
0500000US26151,26151,"Sanilac County, Michigan",-,**
0500000US26155,26155,"Shiawassee County, Michigan",-,**
0500000US26157,26157,"Tuscola County, Michigan",9018,3473
0500000US26159,26159,"Van Buren County, Michigan",27639,7763
0500000US26161,26161,"Washtenaw County, Michigan",33412,3642
0500000US26163,26163,"Wayne County, Michigan",20775,8177
0500000US26165,26165,"Wexford County, Michigan",-,**
0500000US27003,27003,"Anoka County, Minnesota",51063,34101
0500000US27005,27005,"Becker County, Minnesota",20625,9634
0500000US27007,27007,"Beltrami County, Minnesota",14247,4347
0500000US27009,27009,"Benton County, Minnesota",43231,40174
0500000US27013,27013,"Blue Earth County, Minnesota",-,**
0500000US27015,27015,"Brown County, Minnesota",-,**
0500000US27017,27017,"Carlton County, Minnesota",11327,9062
0500000US27019,27019,"Carver County, Minnesota",-,**
0500000US27021,27021,"Cass County, Minnesota",22464,7299
0500000US27025,27025,"Chisago County, Minnesota",-,**
0500000US27027,27027,"Clay County, Minnesota",-,**
0500000US27035,27035,"Crow Wing County, Minnesota",8859,535
0500000US27037,27037,"Dakota County, Minnesota",45851,11790
0500000US27041,27041,"Douglas County, Minnesota",-,**
0500000US27045,27045,"Fillmore County, Minnesota",-,**
0500000US27053,27053,"Hennepin County, Minnesota",24479,9014
0500000US27059,27059,"Isanti County, Minnesota",-,**
0500000US27061,27061,"Itasca County, Minnesota",20275,9961
0500000US27067,27067,"Kandiyohi County, Minnesota",-,**
0500000US27079,27079,"Le Sueur County, Minnesota",-,**
0500000US27083,27083,"Lyon County, Minnesota",-,**
0500000US27085,27085,"McLeod County, Minnesota",-,**
0500000US27091,27091,"Martin County, Minnesota",-,**
0500000US27097,27097,"Morrison County, Minnesota",-,**
0500000US27103,27103,"Nicollet County, Minnesota",-,**
0500000US27105,27105,"Nobles County, Minnesota",-,**
0500000US27111,27111,"Otter Tail County, Minnesota",3942,938
0500000US27115,27115,"Pine County, Minnesota",22115,2115
0500000US27131,27131,"Rice County, Minnesota",-,**
0500000US27137,27137,"St. Louis County, Minnesota",16571,3018
0500000US27139,27139,"Scott County, Minnesota",44893,42236
0500000US27141,27141,"Sherburne County, Minnesota",-,**
0500000US27147,27147,"Steele County, Minnesota",-,**
0500000US27153,27153,"Todd County, Minnesota","2,500-",***
0500000US27157,27157,"Wabasha County, Minnesota",-,**
0500000US27163,27163,"Washington County, Minnesota",150946,116505
0500000US27171,27171,"Wright County, Minnesota",40900,15913
0500000US28001,28001,"Adams County, Mississippi",-,**
0500000US28003,28003,"Alcorn County, Mississippi",-,**
0500000US28011,28011,"Bolivar County, Mississippi",-,**
0500000US28025,28025,"Clay County, Mississippi",-,**
0500000US28027,28027,"Coahoma County, Mississippi",-,**
0500000US28029,28029,"Copiah County, Mississippi",-,**
0500000US28031,28031,"Covington County, Mississippi",-,**
0500000US28033,28033,"DeSoto County, Mississippi",101639,1359
0500000US28035,28035,"Forrest County, Mississippi",-,**
0500000US28039,28039,"George County, Mississippi",-,**
0500000US28043,28043,"Grenada County, Mississippi",-,**
0500000US28045,28045,"Hancock County, Mississippi",-,**
0500000US28047,28047,"Harrison County, Mississippi",90470,64341
0500000US28051,28051,"Holmes County, Mississippi",-,**
0500000US28057,28057,"Itawamba County, Mississippi",-,**
0500000US28059,28059,"Jackson County, Mississippi",-,**
0500000US28067,28067,"Jones County, Mississippi",-,**
0500000US28071,28071,"Lafayette County, Mississippi",-,**
0500000US28073,28073,"Lamar County, Mississippi",-,**
0500000US28075,28075,"Lauderdale County, Mississippi",-,**
0500000US28079,28079,"Leake County, Mississippi",-,**
0500000US28081,28081,"Lee County, Mississippi",26528,4847
0500000US28083,28083,"Leflore County, Mississippi",-,**
0500000US28085,28085,"Lincoln County, Mississippi",90350,87586
0500000US28087,28087,"Lowndes County, Mississippi",-,**
0500000US28089,28089,"Madison County, Mississippi",-,**
0500000US28091,28091,"Marion County, Mississippi",-,**
0500000US28093,28093,"Marshall County, Mississippi",-,**
0500000US28095,28095,"Monroe County, Mississippi","2,500-",***
0500000US28099,28099,"Neshoba County, Mississippi",15813,12360
0500000US28101,28101,"Newton County, Mississippi",-,**
0500000US28105,28105,"Oktibbeha County, Mississippi",32617,24486
0500000US28107,28107,"Panola County, Mississippi",-,**
0500000US28109,28109,"Pearl River County, Mississippi",-,**
0500000US28113,28113,"Pike County, Mississippi",-,**
0500000US28115,28115,"Pontotoc County, Mississippi",-,**
0500000US28117,28117,"Prentiss County, Mississippi",-,**
0500000US28121,28121,"Rankin County, Mississippi",-,**
0500000US28123,28123,"Scott County, Mississippi",-,**
0500000US28127,28127,"Simpson County, Mississippi",-,**
0500000US28133,28133,"Sunflower County, Mississippi",-,**
0500000US28137,28137,"Tate County, Mississippi",-,**
0500000US28139,28139,"Tippah County, Mississippi",-,**
0500000US28145,28145,"Union County, Mississippi",-,**
0500000US28149,28149,"Warren County, Mississippi",-,**
0500000US28151,28151,"Washington County, Mississippi",-,**
0500000US28153,28153,"Wayne County, Mississippi",-,**
0500000US28163,28163,"Yazoo County, Mississippi",-,**
0500000US29001,29001,"Adair County, Missouri",-,**
0500000US29007,29007,"Audrain County, Missouri",-,**
0500000US29019,29019,"Boone County, Missouri",42662,41022
0500000US29023,29023,"Butler County, Missouri",-,**
0500000US29027,29027,"Callaway County, Missouri",-,**
0500000US29029,29029,"Camden County, Missouri",-,**
0500000US29037,29037,"Cass County, Missouri",-,**
0500000US29043,29043,"Christian County, Missouri",59583,50291
0500000US29049,29049,"Clinton County, Missouri",31167,637
0500000US29051,29051,"Cole County, Missouri",-,**
0500000US29055,29055,"Crawford County, Missouri",-,**
0500000US29077,29077,"Greene County, Missouri",36908,5445
0500000US29083,29083,"Henry County, Missouri",48583,664
0500000US29091,29091,"Howell County, Missouri",-,**
0500000US29095,29095,"Jackson County, Missouri",27596,16242
0500000US29097,29097,"Jasper County, Missouri",19750,9390
0500000US29099,29099,"Jefferson County, Missouri",-,**
0500000US29105,29105,"Laclede County, Missouri",-,**
0500000US29107,29107,"Lafayette County, Missouri",-,**
0500000US29109,29109,"Lawrence County, Missouri",-,**
0500000US29113,29113,"Lincoln County, Missouri",53750,34807
0500000US29119,29119,"McDonald County, Missouri",-,**
0500000US29127,29127,"Marion County, Missouri",-,**
0500000US29141,29141,"Morgan County, Missouri",-,**
0500000US29147,29147,"Nodaway County, Missouri",-,**
0500000US29161,29161,"Phelps County, Missouri",-,**
0500000US29169,29169,"Pulaski County, Missouri",48333,48357
0500000US29175,29175,"Randolph County, Missouri",-,**
0500000US29177,29177,"Ray County, Missouri",-,**
0500000US29183,29183,"St. Charles County, Missouri",37610,31213
0500000US29187,29187,"St. Francois County, Missouri",-,**
0500000US29189,29189,"St. Louis County, Missouri",28839,13981
0500000US29195,29195,"Saline County, Missouri",-,**
0500000US29201,29201,"Scott County, Missouri",30363,24803
0500000US29209,29209,"Stone County, Missouri",-,**
0500000US29213,29213,"Taney County, Missouri",-,**
0500000US29215,29215,"Texas County, Missouri",-,**
0500000US29217,29217,"Vernon County, Missouri",18317,10345
0500000US29219,29219,"Warren County, Missouri","2,500-",***
0500000US29221,29221,"Washington County, Missouri",-,**
0500000US29225,29225,"Webster County, Missouri",41190,14319
0500000US30013,30013,"Cascade County, Montana",9643,4715
0500000US30031,30031,"Gallatin County, Montana",26186,12723
0500000US30047,30047,"Lake County, Montana",16822,6001
0500000US30049,30049,"Lewis and Clark County, Montana",23091,1603
0500000US30081,30081,"Ravalli County, Montana",32898,10355
0500000US30093,30093,"Silver Bow County, Montana",25940,12271
0500000US30111,30111,"Yellowstone County, Montana",22683,15441
0500000US31001,31001,"Adams County, Nebraska",-,**
0500000US31019,31019,"Buffalo County, Nebraska",-,**
0500000US31025,31025,"Cass County, Nebraska",-,**
0500000US31043,31043,"Dakota County, Nebraska",-,**
0500000US31047,31047,"Dawson County, Nebraska",-,**
0500000US31053,31053,"Dodge County, Nebraska",-,**
0500000US31067,31067,"Gage County, Nebraska",8875,842
0500000US31079,31079,"Hall County, Nebraska",-,**
0500000US31119,31119,"Madison County, Nebraska",43042,35083
0500000US31141,31141,"Platte County, Nebraska",-,**
0500000US31153,31153,"Sarpy County, Nebraska",-,**
0500000US31155,31155,"Saunders County, Nebraska",-,**
0500000US31157,31157,"Scotts Bluff County, Nebraska",29688,2223
0500000US32003,32003,"Clark County, Nevada",42846,9982
0500000US32005,32005,"Douglas County, Nevada",31538,8514
0500000US32007,32007,"Elko County, Nevada",21310,8438
0500000US32019,32019,"Lyon County, Nevada",19323,10632
0500000US32023,32023,"Nye County, Nevada",16975,16314
0500000US32031,32031,"Washoe County, Nevada",25341,11462
0500000US32510,32510,"Carson City, Nevada",30357,21050
0500000US33001,33001,"Belknap County, New Hampshire",-,**
0500000US33003,33003,"Carroll County, New Hampshire",-,**
0500000US33005,33005,"Cheshire County, New Hampshire",90665,4400
0500000US33007,33007,"Coos County, New Hampshire","2,500-",***
0500000US33009,33009,"Grafton County, New Hampshire",35754,13587
0500000US33011,33011,"Hillsborough County, New Hampshire",71076,17965
0500000US33013,33013,"Merrimack County, New Hampshire",-,**
0500000US33015,33015,"Rockingham County, New Hampshire",71061,51186
0500000US33017,33017,"Strafford County, New Hampshire",32826,21677
0500000US33019,33019,"Sullivan County, New Hampshire",-,**
0500000US34003,34003,"Bergen County, New Jersey",29314,25294
0500000US34005,34005,"Burlington County, New Jersey",52895,51067
0500000US34009,34009,"Cape May County, New Jersey",10735,5100
0500000US34013,34013,"Essex County, New Jersey",33527,28582
0500000US34015,34015,"Gloucester County, New Jersey",-,**
0500000US34019,34019,"Hunterdon County, New Jersey",-,**
0500000US34025,34025,"Monmouth County, New Jersey",26641,10137
0500000US34029,34029,"Ocean County, New Jersey",31693,22878
0500000US34031,34031,"Passaic County, New Jersey",-,**
0500000US34033,34033,"Salem County, New Jersey",-,**
0500000US34035,34035,"Somerset County, New Jersey",-,**
0500000US34037,34037,"Sussex County, New Jersey",-,**
0500000US34041,34041,"Warren County, New Jersey",-,**
0500000US35001,35001,"Bernalillo County, New Mexico",27660,4188
0500000US35005,35005,"Chaves County, New Mexico",-,**
0500000US35006,35006,"Cibola County, New Mexico",12953,3371
0500000US35009,35009,"Curry County, New Mexico",127069,962
0500000US35013,35013,"Dona Ana County, New Mexico",26016,13974
0500000US35015,35015,"Eddy County, New Mexico","2,500-",***
0500000US35017,35017,"Grant County, New Mexico",40199,9452
0500000US35025,35025,"Lea County, New Mexico","2,500-",***
0500000US35029,35029,"Luna County, New Mexico",9306,1884
0500000US35031,35031,"McKinley County, New Mexico",15454,3464
0500000US35035,35035,"Otero County, New Mexico",12426,5008
0500000US35039,35039,"Rio Arriba County, New Mexico",26618,7636
0500000US35043,35043,"Sandoval County, New Mexico",15857,2774
0500000US35045,35045,"San Juan County, New Mexico",12589,4101
0500000US35049,35049,"Santa Fe County, New Mexico",31111,25450
0500000US35055,35055,"Taos County, New Mexico",16250,3675
0500000US35061,35061,"Valencia County, New Mexico",25913,13705
0500000US36007,36007,"Broome County, New York",10957,1562
0500000US36009,36009,"Cattaraugus County, New York",21607,17278
0500000US36011,36011,"Cayuga County, New York",20625,19936
0500000US36013,36013,"Chautauqua County, New York",58542,18653
0500000US36015,36015,"Chemung County, New York",8347,2588
0500000US36017,36017,"Chenango County, New York",36000,17799
0500000US36019,36019,"Clinton County, New York",-,**
0500000US36021,36021,"Columbia County, New York",-,**
0500000US36025,36025,"Delaware County, New York",31159,490
0500000US36029,36029,"Erie County, New York",11455,5395
0500000US36031,36031,"Essex County, New York",-,**
0500000US36033,36033,"Franklin County, New York",20500,7424
0500000US36035,36035,"Fulton County, New York",20873,13822
0500000US36037,36037,"Genesee County, New York",12011,5549
0500000US36039,36039,"Greene County, New York",-,**
0500000US36043,36043,"Herkimer County, New York","2,500-",***
0500000US36045,36045,"Jefferson County, New York",28703,2885
0500000US36047,36047,"Kings County, New York",18750,6147
0500000US36049,36049,"Lewis County, New York",9583,2116
0500000US36051,36051,"Livingston County, New York",-,**
0500000US36057,36057,"Montgomery County, New York",-,**
0500000US36059,36059,"Nassau County, New York",25461,15740
0500000US36061,36061,"New York County, New York",47500,23167
0500000US36063,36063,"Niagara County, New York",60382,54210
0500000US36065,36065,"Oneida County, New York",9450,6028
0500000US36067,36067,"Onondaga County, New York",18571,6253
0500000US36069,36069,"Ontario County, New York",4643,2064
0500000US36071,36071,"Orange County, New York",20000,15909
0500000US36073,36073,"Orleans County, New York","2,500-",***
0500000US36079,36079,"Putnam County, New York",-,**
0500000US36081,36081,"Queens County, New York",22143,13414
0500000US36085,36085,"Richmond County, New York",9464,7482
0500000US36087,36087,"Rockland County, New York",-,**
0500000US36093,36093,"Schenectady County, New York",8939,4264
0500000US36095,36095,"Schoharie County, New York",-,**
0500000US36099,36099,"Seneca County, New York",-,**
0500000US36103,36103,"Suffolk County, New York",16571,6968
0500000US36105,36105,"Sullivan County, New York",-,**
0500000US36115,36115,"Washington County, New York",-,**
0500000US36117,36117,"Wayne County, New York",-,**
0500000US36121,36121,"Wyoming County, New York",-,**
0500000US36123,36123,"Yates County, New York",45694,38586
0500000US37001,37001,"Alamance County, North Carolina",-,**
0500000US37007,37007,"Anson County, North Carolina",-,**
0500000US37009,37009,"Ashe County, North Carolina",-,**
0500000US37013,37013,"Beaufort County, North Carolina",-,**
0500000US37019,37019,"Brunswick County, North Carolina",13750,5642
0500000US37025,37025,"Cabarrus County, North Carolina",-,**
0500000US37027,37027,"Caldwell County, North Carolina",-,**
0500000US37031,37031,"Carteret County, North Carolina",15932,6264
0500000US37033,37033,"Caswell County, North Carolina",-,**
0500000US37035,37035,"Catawba County, North Carolina",-,**
0500000US37037,37037,"Chatham County, North Carolina",-,**
0500000US37045,37045,"Cleveland County, North Carolina","2,500-",***
0500000US37047,37047,"Columbus County, North Carolina",14750,6464
0500000US37051,37051,"Cumberland County, North Carolina",22592,6858
0500000US37053,37053,"Currituck County, North Carolina",-,**
0500000US37055,37055,"Dare County, North Carolina",60662,35931
0500000US37059,37059,"Davie County, North Carolina",-,**
0500000US37061,37061,"Duplin County, North Carolina",-,**
0500000US37065,37065,"Edgecombe County, North Carolina",40139,16615
0500000US37067,37067,"Forsyth County, North Carolina",41719,33384
0500000US37069,37069,"Franklin County, North Carolina",-,**
0500000US37071,37071,"Gaston County, North Carolina","2,500-",***
0500000US37077,37077,"Granville County, North Carolina",-,**
0500000US37079,37079,"Greene County, North Carolina",-,**
0500000US37081,37081,"Guilford County, North Carolina",20938,9175
0500000US37083,37083,"Halifax County, North Carolina",12865,12229
0500000US37085,37085,"Harnett County, North Carolina",11181,9971
0500000US37087,37087,"Haywood County, North Carolina",-,**
0500000US37089,37089,"Henderson County, North Carolina",-,**
0500000US37091,37091,"Hertford County, North Carolina",10368,2872
0500000US37093,37093,"Hoke County, North Carolina",18198,15931
0500000US37105,37105,"Lee County, North Carolina",-,**
0500000US37107,37107,"Lenoir County, North Carolina",-,**
0500000US37113,37113,"Macon County, North Carolina",-,**
0500000US37115,37115,"Madison County, North Carolina",-,**
0500000US37119,37119,"Mecklenburg County, North Carolina",38384,34171
0500000US37123,37123,"Montgomery County, North Carolina",-,**
0500000US37127,37127,"Nash County, North Carolina",9524,5902
0500000US37129,37129,"New Hanover County, North Carolina",23031,22696
0500000US37131,37131,"Northampton County, North Carolina",-,**
0500000US37135,37135,"Orange County, North Carolina",-,**
0500000US37139,37139,"Pasquotank County, North Carolina",-,**
0500000US37141,37141,"Pender County, North Carolina",-,**
0500000US37147,37147,"Pitt County, North Carolina",36424,574
0500000US37153,37153,"Richmond County, North Carolina",-,**
0500000US37155,37155,"Robeson County, North Carolina",14764,2930
0500000US37157,37157,"Rockingham County, North Carolina",31797,1868
0500000US37159,37159,"Rowan County, North Carolina",8854,354
0500000US37161,37161,"Rutherford County, North Carolina",-,**
0500000US37163,37163,"Sampson County, North Carolina",9770,3373
0500000US37167,37167,"Stanly County, North Carolina",-,**
0500000US37169,37169,"Stokes County, North Carolina",-,**
0500000US37171,37171,"Surry County, North Carolina",-,**
0500000US37175,37175,"Transylvania County, North Carolina",-,**
0500000US37179,37179,"Union County, North Carolina",-,**
0500000US37181,37181,"Vance County, North Carolina",-,**
0500000US37183,37183,"Wake County, North Carolina",23169,9082
0500000US37189,37189,"Watauga County, North Carolina",-,**
0500000US37191,37191,"Wayne County, North Carolina",-,**
0500000US37193,37193,"Wilkes County, North Carolina",-,**
0500000US37195,37195,"Wilson County, North Carolina",-,**
0500000US37197,37197,"Yadkin County, North Carolina",-,**
0500000US38015,38015,"Burleigh County, North Dakota",27006,11116
0500000US38017,38017,"Cass County, North Dakota",13323,5963
0500000US38035,38035,"Grand Forks County, North Dakota",17604,12271
0500000US38059,38059,"Morton County, North Dakota",7449,7110
0500000US38089,38089,"Stark County, North Dakota",-,**
0500000US39001,39001,"Adams County, Ohio",-,**
0500000US39003,39003,"Allen County, Ohio",9115,8990
0500000US39005,39005,"Ashland County, Ohio",-,**
0500000US39007,39007,"Ashtabula County, Ohio",62297,21879
0500000US39011,39011,"Auglaize County, Ohio",-,**
0500000US39013,39013,"Belmont County, Ohio","2,500-",***
0500000US39015,39015,"Brown County, Ohio",-,**
0500000US39017,39017,"Butler County, Ohio",22158,7046
0500000US39019,39019,"Carroll County, Ohio",-,**
0500000US39021,39021,"Champaign County, Ohio",-,**
0500000US39023,39023,"Clark County, Ohio",18370,8364
0500000US39025,39025,"Clermont County, Ohio",-,**
0500000US39027,39027,"Clinton County, Ohio",-,**
0500000US39029,39029,"Columbiana County, Ohio",14423,6107
0500000US39031,39031,"Coshocton County, Ohio",-,**
0500000US39033,39033,"Crawford County, Ohio",-,**
0500000US39035,39035,"Cuyahoga County, Ohio",12097,6039
0500000US39037,39037,"Darke County, Ohio",-,**
0500000US39039,39039,"Defiance County, Ohio",-,**
0500000US39041,39041,"Delaware County, Ohio",80174,68936
0500000US39043,39043,"Erie County, Ohio",-,**
0500000US39045,39045,"Fairfield County, Ohio","2,500-",***
0500000US39047,39047,"Fayette County, Ohio",-,**
0500000US39049,39049,"Franklin County, Ohio",24938,19772
0500000US39051,39051,"Fulton County, Ohio",-,**
0500000US39053,39053,"Gallia County, Ohio",-,**
0500000US39055,39055,"Geauga County, Ohio",-,**
0500000US39057,39057,"Greene County, Ohio",23550,9276
0500000US39059,39059,"Guernsey County, Ohio",-,**
0500000US39061,39061,"Hamilton County, Ohio",34250,9799
0500000US39063,39063,"Hancock County, Ohio",-,**
0500000US39065,39065,"Hardin County, Ohio",-,**
0500000US39069,39069,"Henry County, Ohio",-,**
0500000US39071,39071,"Highland County, Ohio",-,**
0500000US39073,39073,"Hocking County, Ohio",-,**
0500000US39075,39075,"Holmes County, Ohio",-,**
0500000US39077,39077,"Huron County, Ohio",-,**
0500000US39079,39079,"Jackson County, Ohio",-,**
0500000US39081,39081,"Jefferson County, Ohio",-,**
0500000US39083,39083,"Knox County, Ohio",-,**
0500000US39089,39089,"Licking County, Ohio",10000,2127
0500000US39091,39091,"Logan County, Ohio",-,**
0500000US39095,39095,"Lucas County, Ohio",6580,1534
0500000US39097,39097,"Madison County, Ohio",-,**
0500000US39101,39101,"Marion County, Ohio",-,**
0500000US39105,39105,"Meigs County, Ohio",-,**
0500000US39107,39107,"Mercer County, Ohio",-,**
0500000US39113,39113,"Montgomery County, Ohio",24388,14334
0500000US39117,39117,"Morrow County, Ohio",-,**
0500000US39119,39119,"Muskingum County, Ohio",-,**
0500000US39123,39123,"Ottawa County, Ohio","2,500-",***
0500000US39127,39127,"Perry County, Ohio",-,**
0500000US39129,39129,"Pickaway County, Ohio",-,**
0500000US39133,39133,"Portage County, Ohio",-,**
0500000US39135,39135,"Preble County, Ohio",35357,28547
0500000US39137,39137,"Putnam County, Ohio",-,**
0500000US39139,39139,"Richland County, Ohio",27159,11890
0500000US39141,39141,"Ross County, Ohio",27500,24956
0500000US39143,39143,"Sandusky County, Ohio",-,**
0500000US39147,39147,"Seneca County, Ohio",-,**
0500000US39149,39149,"Shelby County, Ohio",-,**
0500000US39153,39153,"Summit County, Ohio",29333,14674
0500000US39157,39157,"Tuscarawas County, Ohio",-,**
0500000US39159,39159,"Union County, Ohio",-,**
0500000US39161,39161,"Van Wert County, Ohio",-,**
0500000US39165,39165,"Warren County, Ohio",23661,12970
0500000US39167,39167,"Washington County, Ohio",-,**
0500000US39169,39169,"Wayne County, Ohio",14219,12814
0500000US39171,39171,"Williams County, Ohio",-,**
0500000US39173,39173,"Wood County, Ohio",-,**
0500000US39175,39175,"Wyandot County, Ohio",-,**
0500000US40001,40001,"Adair County, Oklahoma",13780,4561
0500000US40009,40009,"Beckham County, Oklahoma",-,**
0500000US40013,40013,"Bryan County, Oklahoma",10694,4184
0500000US40015,40015,"Caddo County, Oklahoma",14821,7956
0500000US40017,40017,"Canadian County, Oklahoma",15313,12769
0500000US40019,40019,"Carter County, Oklahoma",15125,11373
0500000US40021,40021,"Cherokee County, Oklahoma",21045,4310
0500000US40027,40027,"Cleveland County, Oklahoma",29093,3997
0500000US40031,40031,"Comanche County, Oklahoma",14038,10513
0500000US40037,40037,"Creek County, Oklahoma",22125,17925
0500000US40041,40041,"Delaware County, Oklahoma",13030,4857
0500000US40049,40049,"Garvin County, Oklahoma",21853,21286
0500000US40065,40065,"Jackson County, Oklahoma",-,**
0500000US40071,40071,"Kay County, Oklahoma",25107,19207
0500000US40079,40079,"Le Flore County, Oklahoma",13250,3366
0500000US40081,40081,"Lincoln County, Oklahoma",15469,6164
0500000US40087,40087,"McClain County, Oklahoma",27969,19924
0500000US40089,40089,"McCurtain County, Oklahoma",9866,5798
0500000US40097,40097,"Mayes County, Oklahoma",11716,6404
0500000US40101,40101,"Muskogee County, Oklahoma",21088,6227
0500000US40109,40109,"Oklahoma County, Oklahoma",28042,5946
0500000US40111,40111,"Okmulgee County, Oklahoma",20938,11929
0500000US40113,40113,"Osage County, Oklahoma",21128,16971
0500000US40115,40115,"Ottawa County, Oklahoma",19286,4559
0500000US40119,40119,"Payne County, Oklahoma",14417,10155
0500000US40121,40121,"Pittsburg County, Oklahoma",12412,11740
0500000US40123,40123,"Pontotoc County, Oklahoma",17349,11276
0500000US40125,40125,"Pottawatomie County, Oklahoma",15946,5215
0500000US40133,40133,"Seminole County, Oklahoma",19044,7198
0500000US40135,40135,"Sequoyah County, Oklahoma",27614,17001
0500000US40137,40137,"Stephens County, Oklahoma",14113,5732
0500000US40143,40143,"Tulsa County, Oklahoma",27284,2732
0500000US40145,40145,"Wagoner County, Oklahoma",40614,22739
0500000US40147,40147,"Washington County, Oklahoma",12230,8322
0500000US41003,41003,"Benton County, Oregon",52692,44371
0500000US41005,41005,"Clackamas County, Oregon",62692,45517
0500000US41007,41007,"Clatsop County, Oregon",18750,15161
0500000US41011,41011,"Coos County, Oregon",12813,8865
0500000US41013,41013,"Crook County, Oregon",20238,10636
0500000US41015,41015,"Curry County, Oregon",-,**
0500000US41019,41019,"Douglas County, Oregon",24430,14353
0500000US41027,41027,"Hood River County, Oregon",16974,8354
0500000US41031,41031,"Jefferson County, Oregon",46071,26750
0500000US41033,41033,"Josephine County, Oregon",6571,724
0500000US41039,41039,"Lane County, Oregon",29226,16094
0500000US41045,41045,"Malheur County, Oregon",23654,13115
0500000US41051,41051,"Multnomah County, Oregon",37580,15691
0500000US41057,41057,"Tillamook County, Oregon",-,**
0500000US41061,41061,"Union County, Oregon",15417,5908
0500000US41065,41065,"Wasco County, Oregon",30440,8941
0500000US41067,41067,"Washington County, Oregon",29000,8857
0500000US42001,42001,"Adams County, Pennsylvania",16372,492
0500000US42005,42005,"Armstrong County, Pennsylvania",19516,10397
0500000US42007,42007,"Beaver County, Pennsylvania",15000,9038
0500000US42011,42011,"Berks County, Pennsylvania",8651,289
0500000US42013,42013,"Blair County, Pennsylvania",-,**
0500000US42017,42017,"Bucks County, Pennsylvania",12475,8086
0500000US42021,42021,"Cambria County, Pennsylvania",-,**
0500000US42027,42027,"Centre County, Pennsylvania",-,**
0500000US42029,42029,"Chester County, Pennsylvania",8897,2078
0500000US42031,42031,"Clarion County, Pennsylvania",-,**
0500000US42033,42033,"Clearfield County, Pennsylvania",-,**
0500000US42037,42037,"Columbia County, Pennsylvania",-,**
0500000US42039,42039,"Crawford County, Pennsylvania",6458,3863
0500000US42043,42043,"Dauphin County, Pennsylvania",20833,16028
0500000US42047,42047,"Elk County, Pennsylvania",48250,32636
0500000US42051,42051,"Fayette County, Pennsylvania",-,**
0500000US42059,42059,"Greene County, Pennsylvania",-,**
0500000US42061,42061,"Huntingdon County, Pennsylvania",-,**
0500000US42063,42063,"Indiana County, Pennsylvania",-,**
0500000US42065,42065,"Jefferson County, Pennsylvania",-,**
0500000US42067,42067,"Juniata County, Pennsylvania",-,**
0500000US42069,42069,"Lackawanna County, Pennsylvania",18214,13615
0500000US42071,42071,"Lancaster County, Pennsylvania",32917,17498
0500000US42073,42073,"Lawrence County, Pennsylvania",-,**
0500000US42077,42077,"Lehigh County, Pennsylvania",16000,11744
0500000US42079,42079,"Luzerne County, Pennsylvania",18375,11694
0500000US42081,42081,"Lycoming County, Pennsylvania",-,**
0500000US42083,42083,"McKean County, Pennsylvania",-,**
0500000US42087,42087,"Mifflin County, Pennsylvania",-,**
0500000US42089,42089,"Monroe County, Pennsylvania","2,500-",***
0500000US42091,42091,"Montgomery County, Pennsylvania",34423,15390
0500000US42095,42095,"Northampton County, Pennsylvania",-,**
0500000US42099,42099,"Perry County, Pennsylvania",-,**
0500000US42101,42101,"Philadelphia County, Pennsylvania",14848,7059
0500000US42103,42103,"Pike County, Pennsylvania",-,**
0500000US42109,42109,"Snyder County, Pennsylvania",-,**
0500000US42111,42111,"Somerset County, Pennsylvania",-,**
0500000US42115,42115,"Susquehanna County, Pennsylvania",101446,97466
0500000US42117,42117,"Tioga County, Pennsylvania",-,**
0500000US42119,42119,"Union County, Pennsylvania",-,**
0500000US42123,42123,"Warren County, Pennsylvania",-,**
0500000US42127,42127,"Wayne County, Pennsylvania",-,**
0500000US42131,42131,"Wyoming County, Pennsylvania",-,**
0500000US42133,42133,"York County, Pennsylvania",31304,19585
0500000US44001,44001,"Bristol County, Rhode Island",-,**
0500000US44005,44005,"Newport County, Rhode Island",-,**
0500000US44007,44007,"Providence County, Rhode Island",8529,5042
0500000US44009,44009,"Washington County, Rhode Island",18015,5581
0500000US45001,45001,"Abbeville County, South Carolina",-,**
0500000US45003,45003,"Aiken County, South Carolina",40955,18124
0500000US45007,45007,"Anderson County, South Carolina",-,**
0500000US45011,45011,"Barnwell County, South Carolina",-,**
0500000US45015,45015,"Berkeley County, South Carolina",-,**
0500000US45021,45021,"Cherokee County, South Carolina",-,**
0500000US45023,45023,"Chester County, South Carolina",-,**
0500000US45025,45025,"Chesterfield County, South Carolina",-,**
0500000US45027,45027,"Clarendon County, South Carolina",-,**
0500000US45029,45029,"Colleton County, South Carolina",-,**
0500000US45031,45031,"Darlington County, South Carolina",-,**
0500000US45033,45033,"Dillon County, South Carolina",12875,7863
0500000US45035,45035,"Dorchester County, South Carolina",-,**
0500000US45037,45037,"Edgefield County, South Carolina",-,**
0500000US45039,45039,"Fairfield County, South Carolina",-,**
0500000US45043,45043,"Georgetown County, South Carolina",-,**
0500000US45045,45045,"Greenville County, South Carolina",30064,11751
0500000US45047,45047,"Greenwood County, South Carolina",-,**
0500000US45049,45049,"Hampton County, South Carolina",-,**
0500000US45051,45051,"Horry County, South Carolina",12432,9880
0500000US45053,45053,"Jasper County, South Carolina",-,**
0500000US45055,45055,"Kershaw County, South Carolina",-,**
0500000US45057,45057,"Lancaster County, South Carolina",-,**
0500000US45059,45059,"Laurens County, South Carolina",-,**
0500000US45067,45067,"Marion County, South Carolina",-,**
0500000US45071,45071,"Newberry County, South Carolina",-,**
0500000US45073,45073,"Oconee County, South Carolina","2,500-",***
0500000US45075,45075,"Orangeburg County, South Carolina",-,**
0500000US45077,45077,"Pickens County, South Carolina",-,**
0500000US45079,45079,"Richland County, South Carolina",9187,3183
0500000US45085,45085,"Sumter County, South Carolina",-,**
0500000US45087,45087,"Union County, South Carolina",-,**
0500000US45089,45089,"Williamsburg County, South Carolina",-,**
0500000US46011,46011,"Brookings County, South Dakota",-,**
0500000US46029,46029,"Codington County, South Dakota",15864,6535
0500000US46083,46083,"Lincoln County, South Dakota","2,500-",***
0500000US46093,46093,"Meade County, South Dakota",-,**
0500000US46103,46103,"Pennington County, South Dakota",13017,9424
0500000US47001,47001,"Anderson County, Tennessee",16750,1338
0500000US47003,47003,"Bedford County, Tennessee",-,**
0500000US47013,47013,"Campbell County, Tennessee",12865,6628
0500000US47017,47017,"Carroll County, Tennessee",-,**
0500000US47019,47019,"Carter County, Tennessee",-,**
0500000US47021,47021,"Cheatham County, Tennessee",-,**
0500000US47025,47025,"Claiborne County, Tennessee",-,**
0500000US47029,47029,"Cocke County, Tennessee",-,**
0500000US47031,47031,"Coffee County, Tennessee",-,**
0500000US47035,47035,"Cumberland County, Tennessee",-,**
0500000US47037,47037,"Davidson County, Tennessee",29219,23531
0500000US47043,47043,"Dickson County, Tennessee",26613,1804
0500000US47045,47045,"Dyer County, Tennessee",-,**
0500000US47047,47047,"Fayette County, Tennessee","2,500-",***
0500000US47051,47051,"Franklin County, Tennessee",11500,4347
0500000US47053,47053,"Gibson County, Tennessee",39511,28322
0500000US47055,47055,"Giles County, Tennessee",-,**
0500000US47057,47057,"Grainger County, Tennessee",-,**
0500000US47059,47059,"Greene County, Tennessee",-,**
0500000US47063,47063,"Hamblen County, Tennessee",-,**
0500000US47065,47065,"Hamilton County, Tennessee",16429,13186
0500000US47069,47069,"Hardeman County, Tennessee",-,**
0500000US47071,47071,"Hardin County, Tennessee",-,**
0500000US47073,47073,"Hawkins County, Tennessee",-,**
0500000US47077,47077,"Henderson County, Tennessee",-,**
0500000US47079,47079,"Henry County, Tennessee",-,**
0500000US47081,47081,"Hickman County, Tennessee",-,**
0500000US47089,47089,"Jefferson County, Tennessee",-,**
0500000US47093,47093,"Knox County, Tennessee",16846,5526
0500000US47099,47099,"Lawrence County, Tennessee",-,**
0500000US47103,47103,"Lincoln County, Tennessee",-,**
0500000US47105,47105,"Loudon County, Tennessee",-,**
0500000US47107,47107,"McMinn County, Tennessee",6346,749
0500000US47109,47109,"McNairy County, Tennessee",-,**
0500000US47111,47111,"Macon County, Tennessee",-,**
0500000US47113,47113,"Madison County, Tennessee",-,**
0500000US47115,47115,"Marion County, Tennessee",-,**
0500000US47119,47119,"Maury County, Tennessee",-,**
0500000US47123,47123,"Monroe County, Tennessee",-,**
0500000US47129,47129,"Morgan County, Tennessee",-,**
0500000US47131,47131,"Obion County, Tennessee",-,**
0500000US47133,47133,"Overton County, Tennessee",-,**
0500000US47141,47141,"Putnam County, Tennessee",-,**
0500000US47145,47145,"Roane County, Tennessee",-,**
0500000US47147,47147,"Robertson County, Tennessee",-,**
0500000US47149,47149,"Rutherford County, Tennessee",33611,14706
0500000US47151,47151,"Scott County, Tennessee","2,500-",***
0500000US47155,47155,"Sevier County, Tennessee",-,**
0500000US47157,47157,"Shelby County, Tennessee",27820,12779
0500000US47165,47165,"Sumner County, Tennessee",-,**
0500000US47177,47177,"Warren County, Tennessee",-,**
0500000US47179,47179,"Washington County, Tennessee",24013,4501
0500000US47183,47183,"Weakley County, Tennessee",-,**
0500000US47185,47185,"White County, Tennessee",-,**
0500000US47187,47187,"Williamson County, Tennessee",-,**
0500000US47189,47189,"Wilson County, Tennessee",-,**
0500000US48005,48005,"Angelina County, Texas",-,**
0500000US48007,48007,"Aransas County, Texas",-,**
0500000US48015,48015,"Austin County, Texas",-,**
0500000US48019,48019,"Bandera County, Texas",-,**
0500000US48021,48021,"Bastrop County, Texas",-,**
0500000US48025,48025,"Bee County, Texas",-,**
0500000US48027,48027,"Bell County, Texas",34148,33826
0500000US48029,48029,"Bexar County, Texas",34337,12773
0500000US48039,48039,"Brazoria County, Texas",29318,16766
0500000US48041,48041,"Brazos County, Texas",44801,11498
0500000US48049,48049,"Brown County, Texas",18030,3286
0500000US48053,48053,"Burnet County, Texas",-,**
0500000US48055,48055,"Caldwell County, Texas",35268,6505
0500000US48057,48057,"Calhoun County, Texas",-,**
0500000US48061,48061,"Cameron County, Texas",19430,14540
0500000US48071,48071,"Chambers County, Texas",-,**
0500000US48073,48073,"Cherokee County, Texas",-,**
0500000US48085,48085,"Collin County, Texas",81099,39371
0500000US48089,48089,"Colorado County, Texas",-,**
0500000US48097,48097,"Cooke County, Texas",55375,2025
0500000US48099,48099,"Coryell County, Texas",28083,5578
0500000US48113,48113,"Dallas County, Texas",32140,12132
0500000US48121,48121,"Denton County, Texas",16905,10528
0500000US48135,48135,"Ector County, Texas",36382,10052
0500000US48143,48143,"Erath County, Texas",-,**
0500000US48147,48147,"Fannin County, Texas",-,**
0500000US48149,48149,"Fayette County, Texas",-,**
0500000US48157,48157,"Fort Bend County, Texas",43750,15691
0500000US48171,48171,"Gillespie County, Texas",-,**
0500000US48179,48179,"Gray County, Texas",-,**
0500000US48181,48181,"Grayson County, Texas",12813,9743
0500000US48183,48183,"Gregg County, Texas",45380,41595
0500000US48185,48185,"Grimes County, Texas",-,**
0500000US48189,48189,"Hale County, Texas",-,**
0500000US48199,48199,"Hardin County, Texas",-,**
0500000US48201,48201,"Harris County, Texas",22036,6481
0500000US48203,48203,"Harrison County, Texas",-,**
0500000US48209,48209,"Hays County, Texas",58007,55598
0500000US48213,48213,"Henderson County, Texas",-,**
0500000US48215,48215,"Hidalgo County, Texas","2,500-",***
0500000US48217,48217,"Hill County, Texas",30882,7149
0500000US48219,48219,"Hockley County, Texas",-,**
0500000US48221,48221,"Hood County, Texas",-,**
0500000US48223,48223,"Hopkins County, Texas",-,**
0500000US48225,48225,"Houston County, Texas",-,**
0500000US48227,48227,"Howard County, Texas",-,**
0500000US48231,48231,"Hunt County, Texas",3354,2131
0500000US48241,48241,"Jasper County, Texas",-,**
0500000US48245,48245,"Jefferson County, Texas",15417,1813
0500000US48249,48249,"Jim Wells County, Texas",-,**
0500000US48251,48251,"Johnson County, Texas",-,**
0500000US48259,48259,"Kendall County, Texas",-,**
0500000US48265,48265,"Kerr County, Texas",-,**
0500000US48273,48273,"Kleberg County, Texas",-,**
0500000US48277,48277,"Lamar County, Texas",-,**
0500000US48281,48281,"Lampasas County, Texas",-,**
0500000US48291,48291,"Liberty County, Texas",12891,4249
0500000US48293,48293,"Limestone County, Texas",-,**
0500000US48303,48303,"Lubbock County, Texas",30908,18057
0500000US48309,48309,"McLennan County, Texas",43750,38092
0500000US48321,48321,"Matagorda County, Texas",-,**
0500000US48325,48325,"Medina County, Texas",-,**
0500000US48329,48329,"Midland County, Texas",23750,8502
0500000US48331,48331,"Milam County, Texas",-,**
0500000US48339,48339,"Montgomery County, Texas",54063,50755
0500000US48341,48341,"Moore County, Texas",-,**
0500000US48347,48347,"Nacogdoches County, Texas",20714,16067
0500000US48349,48349,"Navarro County, Texas",-,**
0500000US48355,48355,"Nueces County, Texas",55239,17218
0500000US48363,48363,"Palo Pinto County, Texas",-,**
0500000US48365,48365,"Panola County, Texas",-,**
0500000US48367,48367,"Parker County, Texas",125553,59657
0500000US48397,48397,"Rockwall County, Texas",101696,42854
0500000US48401,48401,"Rusk County, Texas",-,**
0500000US48407,48407,"San Jacinto County, Texas",-,**
0500000US48409,48409,"San Patricio County, Texas","2,500-",***
0500000US48419,48419,"Shelby County, Texas",-,**
0500000US48423,48423,"Smith County, Texas",42050,19650
0500000US48427,48427,"Starr County, Texas",-,**
0500000US48439,48439,"Tarrant County, Texas",39135,14880
0500000US48441,48441,"Taylor County, Texas",57262,15711
0500000US48449,48449,"Titus County, Texas",-,**
0500000US48451,48451,"Tom Green County, Texas",16190,6886
0500000US48453,48453,"Travis County, Texas",26313,21110
0500000US48457,48457,"Tyler County, Texas",-,**
0500000US48459,48459,"Upshur County, Texas",-,**
0500000US48463,48463,"Uvalde County, Texas",-,**
0500000US48465,48465,"Val Verde County, Texas",-,**
0500000US48469,48469,"Victoria County, Texas",-,**
0500000US48471,48471,"Walker County, Texas",-,**
0500000US48473,48473,"Waller County, Texas",-,**
0500000US48477,48477,"Washington County, Texas",-,**
0500000US48481,48481,"Wharton County, Texas",-,**
0500000US48485,48485,"Wichita County, Texas",47866,20253
0500000US48489,48489,"Willacy County, Texas","2,500-",***
0500000US48491,48491,"Williamson County, Texas",41010,19823
0500000US48493,48493,"Wilson County, Texas",-,**
0500000US48497,48497,"Wise County, Texas",-,**
0500000US48499,48499,"Wood County, Texas",-,**
0500000US49005,49005,"Cache County, Utah",40777,25436
0500000US49021,49021,"Iron County, Utah",-,**
0500000US49035,49035,"Salt Lake County, Utah",31045,10675
0500000US49039,49039,"Sanpete County, Utah",-,**
0500000US49041,49041,"Sevier County, Utah",-,**
0500000US49043,49043,"Summit County, Utah",-,**
0500000US49045,49045,"Tooele County, Utah",-,**
0500000US49051,49051,"Wasatch County, Utah",-,**
0500000US49053,49053,"Washington County, Utah",-,**
0500000US50001,50001,"Addison County, Vermont",-,**
0500000US50003,50003,"Bennington County, Vermont",-,**
0500000US50005,50005,"Caledonia County, Vermont",60167,41040
0500000US50011,50011,"Franklin County, Vermont",-,**
0500000US50015,50015,"Lamoille County, Vermont",-,**
0500000US50017,50017,"Orange County, Vermont",-,**
0500000US50019,50019,"Orleans County, Vermont",8750,560
0500000US50021,50021,"Rutland County, Vermont",17143,2135
0500000US50023,50023,"Washington County, Vermont",45469,26385
0500000US50025,50025,"Windham County, Vermont",53472,40451
0500000US51001,51001,"Accomack County, Virginia",-,**
0500000US51003,51003,"Albemarle County, Virginia","2,500-",***
0500000US51009,51009,"Amherst County, Virginia",-,**
0500000US51013,51013,"Arlington County, Virginia",90295,39910
0500000US51015,51015,"Augusta County, Virginia",-,**
0500000US51019,51019,"Bedford County, Virginia",-,**
0500000US51023,51023,"Botetourt County, Virginia",-,**
0500000US51027,51027,"Buchanan County, Virginia",-,**
0500000US51031,51031,"Campbell County, Virginia",-,**
0500000US51033,51033,"Caroline County, Virginia",45823,14297
0500000US51035,51035,"Carroll County, Virginia",-,**
0500000US51047,51047,"Culpeper County, Virginia",-,**
0500000US51053,51053,"Dinwiddie County, Virginia",-,**
0500000US51061,51061,"Fauquier County, Virginia",-,**
0500000US51065,51065,"Fluvanna County, Virginia",-,**
0500000US51067,51067,"Franklin County, Virginia",-,**
0500000US51069,51069,"Frederick County, Virginia",-,**
0500000US51073,51073,"Gloucester County, Virginia",-,**
0500000US51075,51075,"Goochland County, Virginia",-,**
0500000US51083,51083,"Halifax County, Virginia",-,**
0500000US51085,51085,"Hanover County, Virginia",-,**
0500000US51087,51087,"Henrico County, Virginia","2,500-",***
0500000US51089,51089,"Henry County, Virginia",-,**
0500000US51093,51093,"Isle of Wight County, Virginia",-,**
0500000US51095,51095,"James City County, Virginia",-,**
0500000US51099,51099,"King George County, Virginia",-,**
0500000US51105,51105,"Lee County, Virginia",-,**
0500000US51107,51107,"Loudoun County, Virginia",-,**
0500000US51109,51109,"Louisa County, Virginia",44830,32193
0500000US51117,51117,"Mecklenburg County, Virginia",-,**
0500000US51121,51121,"Montgomery County, Virginia",-,**
0500000US51137,51137,"Orange County, Virginia",-,**
0500000US51139,51139,"Page County, Virginia",-,**
0500000US51143,51143,"Pittsylvania County, Virginia",-,**
0500000US51145,51145,"Powhatan County, Virginia",-,**
0500000US51147,51147,"Prince Edward County, Virginia",-,**
0500000US51149,51149,"Prince George County, Virginia",-,**
0500000US51155,51155,"Pulaski County, Virginia",-,**
0500000US51161,51161,"Roanoke County, Virginia",-,**
0500000US51163,51163,"Rockbridge County, Virginia",-,**
0500000US51165,51165,"Rockingham County, Virginia",22763,15192
0500000US51167,51167,"Russell County, Virginia",-,**
0500000US51169,51169,"Scott County, Virginia",-,**
0500000US51171,51171,"Shenandoah County, Virginia",-,**
0500000US51173,51173,"Smyth County, Virginia",-,**
0500000US51179,51179,"Stafford County, Virginia",48381,35368
0500000US51185,51185,"Tazewell County, Virginia",-,**
0500000US51191,51191,"Washington County, Virginia",-,**
0500000US51195,51195,"Wise County, Virginia",-,**
0500000US51197,51197,"Wythe County, Virginia",-,**
0500000US51199,51199,"York County, Virginia",-,**
0500000US51510,51510,"Alexandria city, Virginia",7961,5243
0500000US51540,51540,"Charlottesville city, Virginia",40000,26172
0500000US51590,51590,"Danville city, Virginia","2,500-",***
0500000US51600,51600,"Fairfax city, Virginia",-,**
0500000US51630,51630,"Fredericksburg city, Virginia",-,**
0500000US51650,51650,"Hampton city, Virginia",-,**
0500000US51660,51660,"Harrisonburg city, Virginia",-,**
0500000US51670,51670,"Hopewell city, Virginia",-,**
0500000US51683,51683,"Manassas city, Virginia",-,**
0500000US51700,51700,"Newport News city, Virginia","2,500-",***
0500000US51710,51710,"Norfolk city, Virginia",32227,12045
0500000US51730,51730,"Petersburg city, Virginia",-,**
0500000US51760,51760,"Richmond city, Virginia",21159,11298
0500000US51770,51770,"Roanoke city, Virginia",-,**
0500000US51775,51775,"Salem city, Virginia",29702,11297
0500000US51790,51790,"Staunton city, Virginia",-,**
0500000US51800,51800,"Suffolk city, Virginia",-,**
0500000US51810,51810,"Virginia Beach city, Virginia",42194,32063
0500000US51820,51820,"Waynesboro city, Virginia",-,**
0500000US51840,51840,"Winchester city, Virginia",-,**
0500000US53003,53003,"Asotin County, Washington",-,**
0500000US53011,53011,"Clark County, Washington",32689,9706
0500000US53021,53021,"Franklin County, Washington",-,**
0500000US53031,53031,"Jefferson County, Washington",20147,16716
0500000US53033,53033,"King County, Washington",30102,4197
0500000US53035,53035,"Kitsap County, Washington",36768,6305
0500000US53037,53037,"Kittitas County, Washington","2,500-",***
0500000US53039,53039,"Klickitat County, Washington",85298,46101
0500000US53045,53045,"Mason County, Washington",17270,5460
0500000US53047,53047,"Okanogan County, Washington",17406,9854
0500000US53049,53049,"Pacific County, Washington",53750,29424
0500000US53053,53053,"Pierce County, Washington",39231,9294
0500000US53061,53061,"Snohomish County, Washington",47179,14265
0500000US53063,53063,"Spokane County, Washington",25903,14606
0500000US53065,53065,"Stevens County, Washington",18841,8166
0500000US54005,54005,"Boone County, West Virginia",-,**
0500000US54009,54009,"Brooke County, West Virginia",-,**
0500000US54011,54011,"Cabell County, West Virginia",-,**
0500000US54019,54019,"Fayette County, West Virginia",-,**
0500000US54025,54025,"Greenbrier County, West Virginia",-,**
0500000US54027,54027,"Hampshire County, West Virginia",-,**
0500000US54029,54029,"Hancock County, West Virginia",-,**
0500000US54033,54033,"Harrison County, West Virginia",-,**
0500000US54035,54035,"Jackson County, West Virginia",-,**
0500000US54037,54037,"Jefferson County, West Virginia",-,**
0500000US54039,54039,"Kanawha County, West Virginia",15089,6494
0500000US54043,54043,"Lincoln County, West Virginia",-,**
0500000US54045,54045,"Logan County, West Virginia",-,**
0500000US54047,54047,"McDowell County, West Virginia",-,**
0500000US54049,54049,"Marion County, West Virginia",-,**
0500000US54051,54051,"Marshall County, West Virginia",-,**
0500000US54053,54053,"Mason County, West Virginia",-,**
0500000US54055,54055,"Mercer County, West Virginia",-,**
0500000US54057,54057,"Mineral County, West Virginia",-,**
0500000US54059,54059,"Mingo County, West Virginia",-,**
0500000US54067,54067,"Nicholas County, West Virginia",-,**
0500000US54069,54069,"Ohio County, West Virginia","2,500-",***
0500000US54077,54077,"Preston County, West Virginia",-,**
0500000US54079,54079,"Putnam County, West Virginia",-,**
0500000US54081,54081,"Raleigh County, West Virginia",17734,6480
0500000US54083,54083,"Randolph County, West Virginia",-,**
0500000US54097,54097,"Upshur County, West Virginia",-,**
0500000US54099,54099,"Wayne County, West Virginia",-,**
0500000US54107,54107,"Wood County, West Virginia",-,**
0500000US54109,54109,"Wyoming County, West Virginia",-,**
0500000US55009,55009,"Brown County, Wisconsin",33625,18357
0500000US55015,55015,"Calumet County, Wisconsin",-,**
0500000US55017,55017,"Chippewa County, Wisconsin",-,**
0500000US55019,55019,"Clark County, Wisconsin",62500,12517
0500000US55021,55021,"Columbia County, Wisconsin",-,**
0500000US55025,55025,"Dane County, Wisconsin",56250,22261
0500000US55027,55027,"Dodge County, Wisconsin",34375,22719
0500000US55029,55029,"Door County, Wisconsin",-,**
0500000US55031,55031,"Douglas County, Wisconsin",20536,13321
0500000US55033,55033,"Dunn County, Wisconsin",24500,16270
0500000US55035,55035,"Eau Claire County, Wisconsin",26563,9257
0500000US55039,55039,"Fond du Lac County, Wisconsin",23685,1052
0500000US55043,55043,"Grant County, Wisconsin",-,**
0500000US55045,55045,"Green County, Wisconsin",-,**
0500000US55049,55049,"Iowa County, Wisconsin",-,**
0500000US55055,55055,"Jefferson County, Wisconsin",-,**
0500000US55057,55057,"Juneau County, Wisconsin",35625,17855
0500000US55061,55061,"Kewaunee County, Wisconsin",-,**
0500000US55063,55063,"La Crosse County, Wisconsin",46190,20834
0500000US55067,55067,"Langlade County, Wisconsin",9091,5706
0500000US55069,55069,"Lincoln County, Wisconsin",-,**
0500000US55071,55071,"Manitowoc County, Wisconsin","2,500-",***
0500000US55075,55075,"Marinette County, Wisconsin",26610,15928
0500000US55079,55079,"Milwaukee County, Wisconsin",18661,2880
0500000US55081,55081,"Monroe County, Wisconsin",50673,41862
0500000US55085,55085,"Oneida County, Wisconsin",-,**
0500000US55089,55089,"Ozaukee County, Wisconsin",-,**
0500000US55093,55093,"Pierce County, Wisconsin",-,**
0500000US55095,55095,"Polk County, Wisconsin",71563,49247
0500000US55101,55101,"Racine County, Wisconsin",-,**
0500000US55105,55105,"Rock County, Wisconsin",23546,12977
0500000US55109,55109,"St. Croix County, Wisconsin","2,500-",***
0500000US55111,55111,"Sauk County, Wisconsin",26136,304
0500000US55115,55115,"Shawano County, Wisconsin",16934,2816
0500000US55117,55117,"Sheboygan County, Wisconsin",-,**
0500000US55121,55121,"Trempealeau County, Wisconsin",-,**
0500000US55123,55123,"Vernon County, Wisconsin",-,**
0500000US55125,55125,"Vilas County, Wisconsin",24500,12365
0500000US55127,55127,"Walworth County, Wisconsin",-,**
0500000US55131,55131,"Washington County, Wisconsin",-,**
0500000US55133,55133,"Waukesha County, Wisconsin",31471,23981
0500000US55135,55135,"Waupaca County, Wisconsin",-,**
0500000US55141,55141,"Wood County, Wisconsin",13257,3827
0500000US56001,56001,"Albany County, Wyoming",-,**
0500000US56005,56005,"Campbell County, Wyoming",-,**
0500000US56013,56013,"Fremont County, Wyoming",39276,32875
0500000US56029,56029,"Park County, Wyoming",-,**
0500000US56033,56033,"Sheridan County, Wyoming",-,**
0500000US56037,56037,"Sweetwater County, Wyoming",45875,33957
0500000US56039,56039,"Teton County, Wyoming",-,**
0500000US56041,56041,"Uinta County, Wyoming",-,**
0500000US72003,72003,"Aguada Municipio, Puerto Rico",-,**
0500000US72005,72005,"Aguadilla Municipio, Puerto Rico","2,500-",***
0500000US72007,72007,"Aguas Buenas Municipio, Puerto Rico",-,**
0500000US72009,72009,"Aibonito Municipio, Puerto Rico",-,**
0500000US72011,72011,"Aasco Municipio, Puerto Rico",-,**
0500000US72017,72017,"Barceloneta Municipio, Puerto Rico",-,**
0500000US72019,72019,"Barranquitas Municipio, Puerto Rico",-,**
0500000US72021,72021,"Bayamn Municipio, Puerto Rico",-,**
0500000US72023,72023,"Cabo Rojo Municipio, Puerto Rico",-,**
0500000US72025,72025,"Caguas Municipio, Puerto Rico",-,**
0500000US72027,72027,"Camuy Municipio, Puerto Rico",-,**
0500000US72029,72029,"Canvanas Municipio, Puerto Rico",-,**
0500000US72033,72033,"Catao Municipio, Puerto Rico",-,**
0500000US72035,72035,"Cayey Municipio, Puerto Rico",-,**
0500000US72039,72039,"Ciales Municipio, Puerto Rico",-,**
0500000US72041,72041,"Cidra Municipio, Puerto Rico",-,**
0500000US72043,72043,"Coamo Municipio, Puerto Rico",-,**
0500000US72047,72047,"Corozal Municipio, Puerto Rico",-,**
0500000US72051,72051,"Dorado Municipio, Puerto Rico",-,**
0500000US72053,72053,"Fajardo Municipio, Puerto Rico",-,**
0500000US72055,72055,"Gunica Municipio, Puerto Rico",-,**
0500000US72057,72057,"Guayama Municipio, Puerto Rico",-,**
0500000US72059,72059,"Guayanilla Municipio, Puerto Rico","2,500-",***
0500000US72063,72063,"Gurabo Municipio, Puerto Rico",-,**
0500000US72065,72065,"Hatillo Municipio, Puerto Rico",-,**
0500000US72069,72069,"Humacao Municipio, Puerto Rico",-,**
0500000US72071,72071,"Isabela Municipio, Puerto Rico",-,**
0500000US72075,72075,"Juana Daz Municipio, Puerto Rico",-,**
0500000US72077,72077,"Juncos Municipio, Puerto Rico",-,**
0500000US72079,72079,"Lajas Municipio, Puerto Rico",-,**
0500000US72081,72081,"Lares Municipio, Puerto Rico",-,**
0500000US72085,72085,"Las Piedras Municipio, Puerto Rico",-,**
0500000US72087,72087,"Loza Municipio, Puerto Rico",-,**
0500000US72089,72089,"Luquillo Municipio, Puerto Rico",-,**
0500000US72091,72091,"Manat Municipio, Puerto Rico",-,**
0500000US72097,72097,"Mayagez Municipio, Puerto Rico",-,**
0500000US72099,72099,"Moca Municipio, Puerto Rico",-,**
0500000US72101,72101,"Morovis Municipio, Puerto Rico",-,**
0500000US72103,72103,"Naguabo Municipio, Puerto Rico",-,**
0500000US72105,72105,"Naranjito Municipio, Puerto Rico",-,**
0500000US72107,72107,"Orocovis Municipio, Puerto Rico",-,**
0500000US72109,72109,"Patillas Municipio, Puerto Rico",-,**
0500000US72111,72111,"Peuelas Municipio, Puerto Rico",-,**
0500000US72115,72115,"Quebradillas Municipio, Puerto Rico",-,**
0500000US72119,72119,"Ro Grande Municipio, Puerto Rico",-,**
0500000US72121,72121,"Sabana Grande Municipio, Puerto Rico",-,**
0500000US72123,72123,"Salinas Municipio, Puerto Rico",-,**
0500000US72125,72125,"San Germn Municipio, Puerto Rico",-,**
0500000US72127,72127,"San Juan Municipio, Puerto Rico",9458,7245
0500000US72129,72129,"San Lorenzo Municipio, Puerto Rico",-,**
0500000US72131,72131,"San Sebastin Municipio, Puerto Rico",-,**
0500000US72133,72133,"Santa Isabel Municipio, Puerto Rico",-,**
0500000US72135,72135,"Toa Alta Municipio, Puerto Rico",-,**
0500000US72137,72137,"Toa Baja Municipio, Puerto Rico",-,**
0500000US72143,72143,"Vega Alta Municipio, Puerto Rico",-,**
0500000US72145,72145,"Vega Baja Municipio, Puerto Rico",-,**
0500000US72149,72149,"Villalba Municipio, Puerto Rico",-,**
0500000US72151,72151,"Yabucoa Municipio, Puerto Rico",-,**
0500000US72153,72153,"Yauco Municipio, Puerto Rico",-,**
